id,time,level,source,message,details
64563,2026-10-04T09:21:58.632Z,INFO,engine.scheduler,cycle 214 -> ok,
64562,2026-10-04T09:21:52.456Z,INFO,engine.cycle,"Cycle 214 ok: 5 refs, 43 monitored, RMS 23.40 mm",
64561,2026-10-04T09:21:52.433Z,INFO,engine.cycle,"monitored I11 measured OK: Hz=285.2576 deg, V=87.2524 deg, dist=62.8256 m",
64560,2026-10-04T09:21:29.857Z,INFO,engine.cycle,"monitored I11: aiming at taught Hz=285.2532 deg, V=87.2517 deg (instrument in same position; prediction within 0.01 deg, ignoring)",
64559,2026-10-04T09:21:29.838Z,INFO,engine.cycle,"monitored I10 measured OK: Hz=285.2024 deg, V=90.3291 deg, dist=62.7803 m",
64558,2026-10-04T09:21:07.088Z,INFO,engine.cycle,"monitored I10: aiming at taught Hz=285.1978 deg, V=90.3285 deg (instrument in same position; prediction within 0.01 deg, ignoring)",
64557,2026-10-04T09:21:07.074Z,INFO,engine.cycle,"monitored H7 measured OK: Hz=286.0081 deg, V=100.7590 deg, dist=59.9800 m",
64556,2026-10-04T09:20:44.298Z,INFO,engine.cycle,"monitored H7: aiming at taught Hz=286.0034 deg, V=100.7573 deg (instrument in same position; prediction within 0.01 deg, ignoring)",
64555,2026-10-04T09:20:44.291Z,INFO,engine.cycle,"monitored H6 measured OK: Hz=285.9274 deg, V=104.3613 deg, dist=60.8449 m",
64554,2026-10-04T09:20:20.282Z,INFO,engine.cycle,"monitored H6: aiming at taught Hz=285.9227 deg, V=104.3593 deg (instrument in same position; prediction within 0.01 deg, ignoring)",
64553,2026-10-04T09:20:20.270Z,INFO,engine.cycle,"monitored H13 measured OK: Hz=286.1291 deg, V=80.7775 deg, dist=59.6686 m",
64552,2026-10-04T09:19:58.082Z,INFO,engine.cycle,"monitored H13: aiming at taught Hz=286.1245 deg, V=80.7771 deg (instrument in same position; prediction within 0.01 deg, ignoring)",
64551,2026-10-04T09:19:58.068Z,INFO,engine.cycle,"monitored H11 measured OK: Hz=286.0941 deg, V=87.1257 deg, dist=58.9796 m",
64550,2026-10-04T09:19:33.419Z,INFO,engine.cycle,"monitored H11: aiming at taught Hz=286.0890 deg, V=87.1342 deg (instrument in same position; prediction within 0.01 deg, ignoring)",
64549,2026-10-04T09:19:33.394Z,INFO,engine.cycle,"monitored H10 measured OK: Hz=286.1887 deg, V=90.3031 deg, dist=58.8864 m",
64548,2026-10-04T09:19:12.317Z,INFO,engine.cycle,"monitored H10: aiming at taught Hz=286.1842 deg, V=90.3027 deg (instrument in same position; prediction within 0.01 deg, ignoring)",
64547,2026-10-04T09:19:12.304Z,INFO,engine.cycle,"monitored G11 measured OK: Hz=281.1171 deg, V=87.1385 deg, dist=63.7983 m",
64546,2026-10-04T09:18:43.708Z,INFO,engine.cycle,"monitored G11: aiming at taught Hz=281.1126 deg, V=87.1376 deg (instrument in same position; prediction within 0.01 deg, ignoring)",
64545,2026-10-04T09:18:43.692Z,INFO,engine.cycle,"monitored G10 measured OK: Hz=281.1507 deg, V=90.1509 deg, dist=63.8373 m",
64544,2026-10-04T09:18:20.909Z,INFO,engine.cycle,"monitored G10: aiming at taught Hz=281.1461 deg, V=90.1353 deg (instrument in same position; prediction within 0.01 deg, ignoring)",
64543,2026-10-04T09:18:20.890Z,INFO,engine.cycle,"monitored F11 measured OK: Hz=279.9436 deg, V=87.0917 deg, dist=58.0283 m",
64542,2026-10-04T09:17:58.167Z,INFO,engine.cycle,"monitored F11: aiming at taught Hz=279.9392 deg, V=87.0913 deg (instrument in same position; prediction within 0.01 deg, ignoring)",
64541,2026-10-04T09:17:58.158Z,INFO,engine.cycle,"monitored F10 measured OK: Hz=279.8678 deg, V=90.3078 deg, dist=57.7687 m",
64540,2026-10-04T09:17:33.697Z,INFO,engine.cycle,"monitored F10: aiming at taught Hz=279.8637 deg, V=90.3166 deg (instrument in same position; prediction within 0.01 deg, ignoring)",
64539,2026-10-04T09:17:33.690Z,INFO,engine.cycle,"monitored E7 measured OK: Hz=272.7781 deg, V=100.8025 deg, dist=60.2283 m",
64538,2026-10-04T09:17:10.606Z,INFO,engine.cycle,"monitored E7: aiming at taught Hz=272.7738 deg, V=100.8016 deg (instrument in same position; prediction within 0.01 deg, ignoring)",
64537,2026-10-04T09:17:10.587Z,INFO,engine.cycle,"monitored E6 measured OK: Hz=272.7812 deg, V=105.7050 deg, dist=61.4352 m",
64536,2026-10-04T09:16:49.649Z,INFO,engine.cycle,"monitored E6: aiming at taught Hz=272.7773 deg, V=105.7047 deg (instrument in same position; prediction within 0.01 deg, ignoring)",
64535,2026-10-04T09:16:49.628Z,INFO,engine.cycle,"monitored E5 measured OK: Hz=272.7026 deg, V=108.5312 deg, dist=62.4137 m",
64534,2026-10-04T09:16:27.994Z,INFO,engine.cycle,"monitored E5: aiming at taught Hz=272.6984 deg, V=108.5304 deg (instrument in same position; prediction within 0.01 deg, ignoring)",
64533,2026-10-04T09:16:27.982Z,INFO,engine.cycle,"monitored E4 measured OK: Hz=272.7868 deg, V=111.5068 deg, dist=63.5640 m",
64532,2026-10-04T09:16:05.202Z,INFO,engine.cycle,"monitored E4: aiming at taught Hz=272.7821 deg, V=111.4959 deg (instrument in same position; prediction within 0.01 deg, ignoring)",
64531,2026-10-04T09:16:05.183Z,INFO,engine.cycle,"monitored D9 measured OK: Hz=282.5684 deg, V=85.1119 deg, dist=56.5701 m",
64530,2026-10-04T09:15:40.039Z,INFO,engine.cycle,"monitored D9: aiming at taught Hz=282.5635 deg, V=85.1115 deg (instrument in same position; prediction within 0.01 deg, ignoring)",
64529,2026-10-04T09:15:40.027Z,INFO,engine.cycle,"monitored D8 measured OK: Hz=282.5891 deg, V=88.3210 deg, dist=56.3762 m",
64528,2026-10-04T09:15:18.065Z,INFO,engine.cycle,"monitored D8: aiming at taught Hz=282.5845 deg, V=88.3202 deg (instrument in same position; prediction within 0.01 deg, ignoring)",
64527,2026-10-04T09:15:18.052Z,INFO,engine.cycle,"monitored D7 measured OK: Hz=282.5456 deg, V=91.6500 deg, dist=56.3842 m",
64526,2026-10-04T09:14:57.528Z,INFO,engine.cycle,"monitored D7: aiming at taught Hz=282.5412 deg, V=91.6595 deg (instrument in same position; prediction within 0.01 deg, ignoring)",
64525,2026-10-04T09:14:57.494Z,INFO,engine.cycle,"monitored D6 measured OK: Hz=282.5249 deg, V=95.3491 deg, dist=56.6262 m",
64524,2026-10-04T09:14:33.216Z,INFO,engine.cycle,"monitored D6: aiming at taught Hz=282.5205 deg, V=95.3488 deg (instrument in same position; prediction within 0.01 deg, ignoring)",
64523,2026-10-04T09:14:33.207Z,INFO,engine.cycle,"monitored D5 measured OK: Hz=282.5882 deg, V=99.0674 deg, dist=57.0692 m",
64522,2026-10-04T09:14:10.656Z,INFO,engine.cycle,"monitored D5: aiming at taught Hz=282.5836 deg, V=99.0664 deg (instrument in same position; prediction within 0.01 deg, ignoring)",
64521,2026-10-04T09:14:10.640Z,INFO,engine.cycle,"monitored D4 measured OK: Hz=282.5763 deg, V=102.6817 deg, dist=57.7728 m",
64520,2026-10-04T09:13:45.200Z,INFO,engine.cycle,"monitored D4: aiming at taught Hz=282.5718 deg, V=102.6802 deg (instrument in same position; prediction within 0.01 deg, ignoring)",
64519,2026-10-04T09:13:45.181Z,INFO,engine.cycle,"monitored D3 measured OK: Hz=282.5965 deg, V=106.1719 deg, dist=58.6920 m",
64518,2026-10-04T09:13:23.574Z,INFO,engine.cycle,"monitored D3: aiming at taught Hz=282.5921 deg, V=106.1701 deg (instrument in same position; prediction within 0.01 deg, ignoring)",
64517,2026-10-04T09:13:23.555Z,INFO,engine.cycle,"monitored D2 measured OK: Hz=282.5823 deg, V=109.5528 deg, dist=59.8188 m",
64516,2026-10-04T09:12:56.851Z,INFO,engine.cycle,"monitored D2: aiming at taught Hz=282.5781 deg, V=109.5514 deg (instrument in same position; prediction within 0.01 deg, ignoring)",
64515,2026-10-04T09:12:56.851Z,INFO,engine.cycle,"monitored D10 measured OK: Hz=282.5265 deg, V=81.8364 deg, dist=56.9443 m",
64514,2026-10-04T09:12:27.371Z,INFO,engine.cycle,"monitored D10: aiming at taught Hz=282.5223 deg, V=81.8352 deg (instrument in same position; prediction within 0.01 deg, ignoring)",
64513,2026-10-04T09:12:27.351Z,INFO,engine.cycle,"monitored D1 measured OK: Hz=282.5949 deg, V=112.8242 deg, dist=61.1558 m",
64512,2026-10-04T09:12:00.636Z,INFO,engine.cycle,"monitored D1: aiming at taught Hz=282.5912 deg, V=112.8317 deg (instrument in same position; prediction within 0.01 deg, ignoring)",
64511,2026-10-04T09:12:00.623Z,INFO,engine.cycle,"monitored C9 measured OK: Hz=276.0818 deg, V=85.4561 deg, dist=58.6581 m",
64510,2026-10-04T09:11:35.555Z,INFO,engine.cycle,"monitored C9: aiming at taught Hz=276.0776 deg, V=85.4553 deg (instrument in same position; prediction within 0.01 deg, ignoring)",
64509,2026-10-04T09:11:35.537Z,INFO,engine.cycle,"monitored C8 measured OK: Hz=276.0814 deg, V=88.5191 deg, dist=58.4906 m",
64508,2026-10-04T09:11:13.896Z,INFO,engine.cycle,"monitored C8: aiming at taught Hz=276.0775 deg, V=88.5183 deg (instrument in same position; prediction within 0.01 deg, ignoring)",
64507,2026-10-04T09:11:13.875Z,INFO,engine.cycle,"monitored C7 measured OK: Hz=276.0674 deg, V=91.6896 deg, dist=58.5143 m",
64506,2026-10-04T09:10:49.366Z,INFO,engine.cycle,"monitored C7: aiming at taught Hz=276.0632 deg, V=91.6890 deg (instrument in same position; prediction within 0.01 deg, ignoring)",
64505,2026-10-04T09:10:49.348Z,INFO,engine.cycle,"monitored C6 measured OK: Hz=276.0380 deg, V=95.2747 deg, dist=58.7709 m",
64504,2026-10-04T09:10:26.828Z,INFO,engine.cycle,"monitored C6: aiming at taught Hz=276.0339 deg, V=95.2743 deg (instrument in same position; prediction within 0.01 deg, ignoring)",
64503,2026-10-04T09:10:26.807Z,INFO,engine.cycle,"monitored C5 measured OK: Hz=276.0987 deg, V=98.7697 deg, dist=59.1933 m",
64502,2026-10-04T09:10:05.699Z,INFO,engine.cycle,"monitored C5: aiming at taught Hz=276.0950 deg, V=98.7752 deg (instrument in same position; prediction within 0.01 deg, ignoring)",
64501,2026-10-04T09:10:05.671Z,INFO,engine.cycle,"monitored C4 measured OK: Hz=276.1121 deg, V=102.2868 deg, dist=59.8666 m",
64500,2026-10-04T09:09:42.600Z,INFO,engine.cycle,"monitored C4: aiming at taught Hz=276.1079 deg, V=102.2857 deg (instrument in same position; prediction within 0.01 deg, ignoring)",
64499,2026-10-04T09:09:42.574Z,INFO,engine.cycle,"monitored C3 measured OK: Hz=276.0638 deg, V=105.5076 deg, dist=60.7277 m",
64498,2026-10-04T09:09:19.060Z,INFO,engine.cycle,"monitored C3: aiming at taught Hz=276.0597 deg, V=105.5064 deg (instrument in same position; prediction within 0.01 deg, ignoring)",
64497,2026-10-04T09:09:19.043Z,INFO,engine.cycle,"monitored C2 measured OK: Hz=276.0810 deg, V=108.7130 deg, dist=61.7598 m",
64496,2026-10-04T09:08:57.549Z,INFO,engine.cycle,"monitored C2: aiming at taught Hz=276.0766 deg, V=108.7020 deg (instrument in same position; prediction within 0.01 deg, ignoring)",
64495,2026-10-04T09:08:57.549Z,WARNING,engine.cycle,monitored C10 measurement failed: GeoComError: RPC 17017 (BAP_MeasDistanceAngle) failed with GRC 8710,
64494,2026-10-04T09:08:36.771Z,INFO,engine.cycle,"monitored C10: aiming at taught Hz=276.0844 deg, V=82.1136 deg (instrument in same position; prediction within 0.01 deg, ignoring)",
64493,2026-10-04T09:08:36.739Z,INFO,engine.cycle,"monitored C1 measured OK: Hz=276.1439 deg, V=111.9557 deg, dist=63.0480 m",
64492,2026-10-04T09:08:11.955Z,INFO,engine.cycle,"monitored C1: aiming at taught Hz=276.1398 deg, V=111.9540 deg (instrument in same position; prediction within 0.01 deg, ignoring)",
64491,2026-10-04T09:08:11.927Z,INFO,engine.cycle,"monitored B6 measured OK: Hz=270.2457 deg, V=98.2253 deg, dist=61.8230 m",
64490,2026-10-04T09:07:43.408Z,INFO,engine.cycle,"monitored B6: aiming at taught Hz=270.2415 deg, V=98.2248 deg (instrument in same position; prediction within 0.01 deg, ignoring)",
64489,2026-10-04T09:07:43.395Z,INFO,engine.cycle,"monitored B5 measured OK: Hz=270.1435 deg, V=101.5640 deg, dist=62.5220 m",
64488,2026-10-04T09:07:18.598Z,INFO,engine.cycle,"monitored B5: aiming at taught Hz=270.1393 deg, V=101.5632 deg (instrument in same position; prediction within 0.01 deg, ignoring)",
64487,2026-10-04T09:07:18.577Z,WARNING,engine.cycle,monitored B4 result held as suspect: 3417.7 mm displacement; repeat failed: measurement exceeded 30.0s,
64486,2026-10-04T09:06:43.202Z,INFO,engine.cycle,"monitored B4 measured OK: Hz=272.7810 deg, V=105.7045 deg, dist=61.4350 m",
64485,2026-10-04T09:06:16.641Z,INFO,engine.cycle,"monitored B4: aiming at taught Hz=270.2116 deg, V=104.9696 deg (instrument in same position; prediction within 0.01 deg, ignoring)",
64484,2026-10-04T09:06:16.621Z,INFO,engine.cycle,"monitored B2 measured OK: Hz=270.1250 deg, V=107.9631 deg, dist=64.3959 m",
64483,2026-10-04T09:05:53.012Z,INFO,engine.cycle,"monitored B2: aiming at taught Hz=270.1209 deg, V=107.9619 deg (instrument in same position; prediction within 0.01 deg, ignoring)",
64482,2026-10-04T09:05:30.112Z,INFO,engine.cycle,"monitored B1 measured OK: Hz=272.7861 deg, V=111.4975 deg, dist=63.5642 m",
64481,2026-10-04T09:05:02.785Z,INFO,engine.cycle,"monitored B1: aiming at predicted Hz=270.1470 deg, V=111.2068 deg (relocation detected; taught was Hz=272.7821 deg, V=111.4959 deg)",
64480,2026-10-04T09:05:02.757Z,INFO,engine.cycle,"monitored A9 measured OK: Hz=264.0531 deg, V=85.6992 deg, dist=65.2231 m",
64479,2026-10-04T09:04:41.801Z,INFO,engine.cycle,"monitored A9: aiming at taught Hz=264.0503 deg, V=85.6998 deg (instrument in same position; prediction within 0.01 deg, ignoring)",
64478,2026-10-04T09:04:41.776Z,INFO,engine.cycle,"monitored A8 measured OK: Hz=264.0282 deg, V=88.4254 deg, dist=65.0798 m",
64477,2026-10-04T09:04:17.698Z,INFO,engine.cycle,"monitored A8: aiming at taught Hz=264.0244 deg, V=88.4254 deg (instrument in same position; prediction within 0.01 deg, ignoring)",
64476,2026-10-04T09:04:17.671Z,INFO,engine.cycle,"monitored A7 measured OK: Hz=263.9753 deg, V=91.1297 deg, dist=65.1197 m",
64475,2026-10-04T09:03:56.789Z,INFO,engine.cycle,"monitored A7: aiming at taught Hz=263.9714 deg, V=91.1220 deg (instrument in same position; prediction within 0.01 deg, ignoring)",
64474,2026-10-04T09:03:56.774Z,WARNING,engine.cycle,monitored A6 measurement failed: GeoComError: RPC 17017 (BAP_MeasDistanceAngle) failed with GRC 8710,
64473,2026-10-04T09:03:43.820Z,WARNING,instrument.leica,"ATR fine-adjust failed, measuring at the coarse taught angle instead: RPC 9037 (AUT_FineAdjust) failed with GRC 8710",
64472,2026-10-04T09:03:29.528Z,INFO,engine.cycle,"monitored A6: aiming at taught Hz=264.0020 deg, V=94.3928 deg (instrument in same position; prediction within 0.01 deg, ignoring)",
64471,2026-10-04T09:03:29.513Z,WARNING,engine.cycle,monitored A5 measurement failed: GeoComError: RPC 17017 (BAP_MeasDistanceAngle) failed with GRC 8710,
64470,2026-10-04T09:03:20.784Z,INFO,engine.cycle,"monitored A5: aiming at predicted Hz=264.0425 deg, V=97.7128 deg (relocation detected; taught was Hz=266.7672 deg, V=99.6849 deg)",
64469,2026-10-04T09:03:20.765Z,INFO,engine.cycle,"monitored A4 measured OK: Hz=264.0215 deg, V=100.7823 deg, dist=66.2347 m",
64468,2026-10-04T09:03:01.252Z,INFO,engine.cycle,"monitored A4: aiming at taught Hz=264.0175 deg, V=100.7821 deg (instrument in same position; prediction within 0.01 deg, ignoring)",
64467,2026-10-04T09:03:01.234Z,WARNING,engine.cycle,monitored A3 measurement failed: GeoComError: RPC 17017 (BAP_MeasDistanceAngle) failed with GRC 8710,
64466,2026-10-04T09:02:53.252Z,WARNING,instrument.leica,"ATR fine-adjust failed, measuring at the coarse taught angle instead: RPC 9037 (AUT_FineAdjust) failed with GRC 8710",
64465,2026-10-04T09:02:38.608Z,INFO,engine.cycle,"monitored A3: aiming at taught Hz=263.9743 deg, V=103.9429 deg (instrument in same position; prediction within 0.01 deg, ignoring)",
64464,2026-10-04T09:02:38.592Z,WARNING,engine.cycle,monitored A2 measurement failed: GeoComError: RPC 17017 (BAP_MeasDistanceAngle) failed with GRC 8710,
64463,2026-10-04T09:02:20.667Z,WARNING,instrument.leica,"ATR fine-adjust failed, measuring at the coarse taught angle instead: RPC 9037 (AUT_FineAdjust) failed with GRC 8710",
64462,2026-10-04T09:02:17.258Z,INFO,engine.cycle,"monitored A2: aiming at taught Hz=264.1007 deg, V=107.6140 deg (instrument in same position; prediction within 0.01 deg, ignoring)",
64461,2026-10-04T09:02:17.242Z,WARNING,engine.cycle,monitored A1 measurement failed: GeoComError: RPC 17017 (BAP_MeasDistanceAngle) failed with GRC 8710,
64460,2026-10-04T09:02:09.269Z,WARNING,instrument.leica,"ATR fine-adjust failed, measuring at the coarse taught angle instead: RPC 9037 (AUT_FineAdjust) failed with GRC 8710",
64459,2026-10-04T09:01:49.377Z,INFO,engine.cycle,"monitored A1: aiming at taught Hz=264.0097 deg, V=109.8847 deg (instrument in same position; prediction within 0.01 deg, ignoring)",
64458,2026-10-04T09:01:49.377Z,INFO,engine.cycle,"Cycle 214 transform: translation=0.0102 m, rotation=88.7929 deg (large values = instrument relocated)",
64457,2026-10-04T09:01:49.377Z,INFO,engine.cycle,"Cycle 214 per-reference residuals: R1=11.10mm, R2=12.06mm, R3=12.10mm, R4=45.90mm, R5=14.72mm",
64456,2026-10-04T09:01:49.375Z,WARNING,engine.cycle,"Cycle 214 transform solved from 5 ref(s): RMS=23.40 mm -- unusually high, check for a misidentified/garbage ref reading above",
64455,2026-10-04T09:01:49.358Z,INFO,engine.cycle,"ref R5 measured OK: Hz=111.2292 deg, V=92.3159 deg, dist=17.2605 m",
64454,2026-10-04T09:01:28.086Z,INFO,engine.cycle,"ref R5: aiming at taught Hz=111.2245 deg, V=92.3165 deg",
64453,2026-10-04T09:01:28.053Z,INFO,engine.cycle,"ref R4 measured OK: Hz=105.5359 deg, V=88.3382 deg, dist=61.0585 m",
64452,2026-10-04T09:01:05.752Z,INFO,engine.cycle,"ref R4: aiming at taught Hz=105.5323 deg, V=88.3385 deg",
64451,2026-10-04T09:01:05.729Z,INFO,engine.cycle,"ref R3 measured OK: Hz=100.3127 deg, V=90.3928 deg, dist=76.6119 m",
64450,2026-10-04T09:00:43.269Z,INFO,engine.cycle,"ref R3: aiming at taught Hz=100.3090 deg, V=90.3926 deg",
64449,2026-10-04T09:00:43.253Z,INFO,engine.cycle,"ref R2 measured OK: Hz=62.1533 deg, V=89.4312 deg, dist=18.7807 m",
64448,2026-10-04T09:00:21.172Z,INFO,engine.cycle,"ref R2: aiming at taught Hz=62.1471 deg, V=89.4301 deg",
64447,2026-10-04T09:00:21.159Z,INFO,engine.cycle,"ref R1 measured OK: Hz=21.6600 deg, V=91.2779 deg, dist=17.6160 m",
64446,2026-10-04T09:00:00.240Z,INFO,engine.cycle,"ref R1: aiming at taught Hz=21.6542 deg, V=91.2771 deg",
64445,2026-10-04T09:00:00.240Z,INFO,engine.cycle,"Compensator tilt at cycle start: cross=-0.0162 deg (-18.0 mgon), length=-0.0100 deg (-11.1 mgon)",
64444,2026-10-04T09:00:00.198Z,INFO,engine.cycle,"Cycle 214 starting: site='DeVinci-1', 5 ref(s), 49 monitored, faces=2",
64443,2026-10-04T05:20:46.813Z,INFO,sync.publisher,"Published 41 message(s), 0 failed, 0 pending",
64442,2026-10-04T05:20:41.855Z,INFO,sync.publisher,MQTT connected to 34.38.96.215:8883,
64441,2026-10-04T05:20:40.612Z,INFO,engine.scheduler,cycle 213 -> ok,
64440,2026-10-04T05:20:37.724Z,INFO,engine.cycle,"Cycle 213 ok: 5 refs, 43 monitored, RMS 23.48 mm",
64439,2026-10-04T05:20:37.699Z,INFO,engine.cycle,"monitored I11 measured OK: Hz=285.2532 deg, V=87.2517 deg, dist=62.8268 m",
64438,2026-10-04T05:20:18.192Z,INFO,engine.cycle,"monitored I11: aiming at taught Hz=285.2538 deg, V=87.2517 deg (instrument in same position; prediction within 0.00 deg, ignoring)",
64437,2026-10-04T05:20:18.165Z,INFO,engine.cycle,"monitored I10 measured OK: Hz=285.1978 deg, V=90.3285 deg, dist=62.7816 m",
64436,2026-10-04T05:19:57.422Z,INFO,engine.cycle,"monitored I10: aiming at taught Hz=285.1981 deg, V=90.3289 deg (instrument in same position; prediction within 0.00 deg, ignoring)",
64435,2026-10-04T05:19:57.391Z,INFO,engine.cycle,"monitored H7 measured OK: Hz=286.0034 deg, V=100.7573 deg, dist=59.9809 m",
64434,2026-10-04T05:19:36.675Z,INFO,engine.cycle,"monitored H7: aiming at taught Hz=286.0036 deg, V=100.7577 deg (instrument in same position; prediction within 0.01 deg, ignoring)",
64433,2026-10-04T05:19:36.647Z,INFO,engine.cycle,"monitored H6 measured OK: Hz=285.9227 deg, V=104.3593 deg, dist=60.8462 m",
64432,2026-10-04T05:19:14.987Z,INFO,engine.cycle,"monitored H6: aiming at taught Hz=285.9232 deg, V=104.3597 deg (instrument in same position; prediction within 0.01 deg, ignoring)",
64431,2026-10-04T05:19:14.969Z,INFO,engine.cycle,"monitored H13 measured OK: Hz=286.1245 deg, V=80.7771 deg, dist=59.6697 m",
64430,2026-10-04T05:18:53.875Z,INFO,engine.cycle,"monitored H13: aiming at taught Hz=286.1248 deg, V=80.7776 deg (instrument in same position; prediction within 0.00 deg, ignoring)",
64429,2026-10-04T05:18:53.848Z,INFO,engine.cycle,"monitored H11 measured OK: Hz=286.0890 deg, V=87.1342 deg, dist=58.9809 m",
64428,2026-10-04T05:18:33.362Z,INFO,engine.cycle,"monitored H11: aiming at taught Hz=286.0899 deg, V=87.1257 deg (instrument in same position; prediction within 0.00 deg, ignoring)",
64427,2026-10-04T05:18:33.334Z,INFO,engine.cycle,"monitored H10 measured OK: Hz=286.1842 deg, V=90.3027 deg, dist=58.8877 m",
64426,2026-10-04T05:18:13.028Z,INFO,engine.cycle,"monitored H10: aiming at taught Hz=286.1843 deg, V=90.3027 deg (instrument in same position; prediction within 0.00 deg, ignoring)",
64425,2026-10-04T05:18:13.000Z,INFO,engine.cycle,"monitored G11 measured OK: Hz=281.1126 deg, V=87.1376 deg, dist=63.7995 m",
64424,2026-10-04T05:17:51.089Z,INFO,engine.cycle,"monitored G11: aiming at taught Hz=281.1130 deg, V=87.1379 deg (instrument in same position; prediction within 0.00 deg, ignoring)",
64423,2026-10-04T05:17:51.060Z,INFO,engine.cycle,"monitored G10 measured OK: Hz=281.1461 deg, V=90.1353 deg, dist=63.8386 m",
64422,2026-10-04T05:17:31.045Z,INFO,engine.cycle,"monitored G10: aiming at taught Hz=281.1464 deg, V=90.1400 deg (instrument in same position; prediction within 0.00 deg, ignoring)",
64421,2026-10-04T05:17:31.021Z,INFO,engine.cycle,"monitored F11 measured OK: Hz=279.9392 deg, V=87.0913 deg, dist=58.0296 m",
64420,2026-10-04T05:17:08.391Z,INFO,engine.cycle,"monitored F11: aiming at taught Hz=279.9391 deg, V=87.0919 deg (instrument in same position; prediction within 0.00 deg, ignoring)",
64419,2026-10-04T05:17:08.373Z,INFO,engine.cycle,"monitored F10 measured OK: Hz=279.8637 deg, V=90.3166 deg, dist=57.7700 m",
64418,2026-10-04T05:16:45.858Z,INFO,engine.cycle,"monitored F10: aiming at taught Hz=279.8635 deg, V=90.3077 deg (instrument in same position; prediction within 0.00 deg, ignoring)",
64417,2026-10-04T05:16:45.831Z,INFO,engine.cycle,"monitored E7 measured OK: Hz=272.7738 deg, V=100.8016 deg, dist=60.2293 m",
64416,2026-10-04T05:16:23.397Z,INFO,engine.cycle,"monitored E7: aiming at taught Hz=272.7740 deg, V=100.8016 deg (instrument in same position; prediction within 0.01 deg, ignoring)",
64415,2026-10-04T05:16:23.369Z,INFO,engine.cycle,"monitored E6 measured OK: Hz=272.7773 deg, V=105.7047 deg, dist=61.4361 m",
64414,2026-10-04T05:16:01.867Z,INFO,engine.cycle,"monitored E6: aiming at taught Hz=272.7780 deg, V=105.7054 deg (instrument in same position; prediction within 0.01 deg, ignoring)",
64413,2026-10-04T05:16:01.840Z,INFO,engine.cycle,"monitored E5 measured OK: Hz=272.6984 deg, V=108.5304 deg, dist=62.4148 m",
64412,2026-10-04T05:15:40.320Z,INFO,engine.cycle,"monitored E5: aiming at taught Hz=272.6985 deg, V=108.5309 deg (instrument in same position; prediction within 0.01 deg, ignoring)",
64411,2026-10-04T05:15:40.292Z,INFO,engine.cycle,"monitored E4 measured OK: Hz=272.7821 deg, V=111.4959 deg, dist=63.5652 m",
64410,2026-10-04T05:15:18.683Z,INFO,engine.cycle,"monitored E4: aiming at taught Hz=272.7822 deg, V=111.4957 deg (instrument in same position; prediction within 0.01 deg, ignoring)",
64409,2026-10-04T05:15:18.657Z,INFO,engine.cycle,"monitored D9 measured OK: Hz=282.5635 deg, V=85.1115 deg, dist=56.5712 m",
64408,2026-10-04T05:14:58.180Z,INFO,engine.cycle,"monitored D9: aiming at taught Hz=282.5641 deg, V=85.1123 deg (instrument in same position; prediction within 0.00 deg, ignoring)",
64407,2026-10-04T05:14:58.152Z,INFO,engine.cycle,"monitored D8 measured OK: Hz=282.5845 deg, V=88.3202 deg, dist=56.3775 m",
64406,2026-10-04T05:14:38.042Z,INFO,engine.cycle,"monitored D8: aiming at taught Hz=282.5850 deg, V=88.3205 deg (instrument in same position; prediction within 0.00 deg, ignoring)",
64405,2026-10-04T05:14:38.031Z,INFO,engine.cycle,"monitored D7 measured OK: Hz=282.5412 deg, V=91.6595 deg, dist=56.3857 m",
64404,2026-10-04T05:14:17.613Z,INFO,engine.cycle,"monitored D7: aiming at taught Hz=282.5413 deg, V=91.6599 deg (instrument in same position; prediction within 0.00 deg, ignoring)",
64403,2026-10-04T05:14:17.585Z,INFO,engine.cycle,"monitored D6 measured OK: Hz=282.5205 deg, V=95.3488 deg, dist=56.6279 m",
64402,2026-10-04T05:13:56.187Z,INFO,engine.cycle,"monitored D6: aiming at taught Hz=282.5207 deg, V=95.3489 deg (instrument in same position; prediction within 0.01 deg, ignoring)",
64401,2026-10-04T05:13:56.155Z,INFO,engine.cycle,"monitored D5 measured OK: Hz=282.5836 deg, V=99.0664 deg, dist=57.0703 m",
64400,2026-10-04T05:13:33.807Z,INFO,engine.cycle,"monitored D5: aiming at taught Hz=282.5839 deg, V=99.0663 deg (instrument in same position; prediction within 0.01 deg, ignoring)",
64399,2026-10-04T05:13:33.782Z,INFO,engine.cycle,"monitored D4 measured OK: Hz=282.5718 deg, V=102.6802 deg, dist=57.7744 m",
64398,2026-10-04T05:13:11.940Z,INFO,engine.cycle,"monitored D4: aiming at taught Hz=282.5721 deg, V=102.6804 deg (instrument in same position; prediction within 0.01 deg, ignoring)",
64397,2026-10-04T05:13:11.914Z,INFO,engine.cycle,"monitored D3 measured OK: Hz=282.5921 deg, V=106.1701 deg, dist=58.6934 m",
64396,2026-10-04T05:12:50.040Z,INFO,engine.cycle,"monitored D3: aiming at taught Hz=282.5925 deg, V=106.1706 deg (instrument in same position; prediction within 0.01 deg, ignoring)",
64395,2026-10-04T05:12:50.012Z,INFO,engine.cycle,"monitored D2 measured OK: Hz=282.5781 deg, V=109.5514 deg, dist=59.8201 m",
64394,2026-10-04T05:12:28.984Z,INFO,engine.cycle,"monitored D2: aiming at taught Hz=282.5781 deg, V=109.5516 deg (instrument in same position; prediction within 0.01 deg, ignoring)",
64393,2026-10-04T05:12:28.969Z,INFO,engine.cycle,"monitored D10 measured OK: Hz=282.5223 deg, V=81.8352 deg, dist=56.9455 m",
64392,2026-10-04T05:12:06.466Z,INFO,engine.cycle,"monitored D10: aiming at taught Hz=282.5225 deg, V=81.8356 deg (instrument in same position; prediction within 0.00 deg, ignoring)",
64391,2026-10-04T05:12:06.449Z,INFO,engine.cycle,"monitored D1 measured OK: Hz=282.5912 deg, V=112.8317 deg, dist=61.1570 m",
64390,2026-10-04T05:11:43.552Z,INFO,engine.cycle,"monitored D1: aiming at taught Hz=282.5905 deg, V=112.8224 deg (instrument in same position; prediction within 0.01 deg, ignoring)",
64389,2026-10-04T05:11:43.534Z,INFO,engine.cycle,"monitored C9 measured OK: Hz=276.0776 deg, V=85.4553 deg, dist=58.6593 m",
64388,2026-10-04T05:11:22.022Z,INFO,engine.cycle,"monitored C9: aiming at taught Hz=276.0776 deg, V=85.4558 deg (instrument in same position; prediction within 0.01 deg, ignoring)",
64387,2026-10-04T05:11:22.006Z,INFO,engine.cycle,"monitored C8 measured OK: Hz=276.0775 deg, V=88.5183 deg, dist=58.4916 m",
64386,2026-10-04T05:11:00.861Z,INFO,engine.cycle,"monitored C8: aiming at taught Hz=276.0777 deg, V=88.5182 deg (instrument in same position; prediction within 0.01 deg, ignoring)",
64385,2026-10-04T05:11:00.833Z,INFO,engine.cycle,"monitored C7 measured OK: Hz=276.0632 deg, V=91.6890 deg, dist=58.5149 m",
64384,2026-10-04T05:10:40.809Z,INFO,engine.cycle,"monitored C7: aiming at taught Hz=276.0632 deg, V=91.6893 deg (instrument in same position; prediction within 0.01 deg, ignoring)",
64383,2026-10-04T05:10:40.783Z,INFO,engine.cycle,"monitored C6 measured OK: Hz=276.0339 deg, V=95.2743 deg, dist=58.7720 m",
64382,2026-10-04T05:10:19.402Z,INFO,engine.cycle,"monitored C6: aiming at taught Hz=276.0342 deg, V=95.2745 deg (instrument in same position; prediction within 0.01 deg, ignoring)",
64381,2026-10-04T05:10:19.374Z,INFO,engine.cycle,"monitored C5 measured OK: Hz=276.0950 deg, V=98.7752 deg, dist=59.1945 m",
64380,2026-10-04T05:09:59.271Z,INFO,engine.cycle,"monitored C5: aiming at taught Hz=276.0953 deg, V=98.7757 deg (instrument in same position; prediction within 0.01 deg, ignoring)",
64379,2026-10-04T05:09:59.244Z,INFO,engine.cycle,"monitored C4 measured OK: Hz=276.1079 deg, V=102.2857 deg, dist=59.8678 m",
64378,2026-10-04T05:09:37.430Z,INFO,engine.cycle,"monitored C4: aiming at taught Hz=276.1077 deg, V=102.2865 deg (instrument in same position; prediction within 0.01 deg, ignoring)",
64377,2026-10-04T05:09:37.414Z,INFO,engine.cycle,"monitored C3 measured OK: Hz=276.0597 deg, V=105.5064 deg, dist=60.7289 m",
64376,2026-10-04T05:09:14.497Z,INFO,engine.cycle,"monitored C3: aiming at taught Hz=276.0594 deg, V=105.5072 deg (instrument in same position; prediction within 0.01 deg, ignoring)",
64375,2026-10-04T05:09:14.479Z,INFO,engine.cycle,"monitored C2 measured OK: Hz=276.0766 deg, V=108.7020 deg, dist=61.7607 m",
64374,2026-10-04T05:08:54.216Z,INFO,engine.cycle,"monitored C2: aiming at taught Hz=276.0773 deg, V=108.7116 deg (instrument in same position; prediction within 0.01 deg, ignoring)",
64373,2026-10-04T05:08:54.201Z,WARNING,engine.cycle,monitored C10 measurement failed: GeoComError: RPC 17017 (BAP_MeasDistanceAngle) failed with GRC 8710,
64372,2026-10-04T05:08:36.258Z,WARNING,instrument.leica,"ATR fine-adjust failed, measuring at the coarse taught angle instead: RPC 9037 (AUT_FineAdjust) failed with GRC 8710",
64371,2026-10-04T05:08:28.613Z,INFO,engine.cycle,"monitored C10: aiming at taught Hz=276.0844 deg, V=82.1136 deg (instrument in same position; prediction within 0.01 deg, ignoring)",
64370,2026-10-04T05:08:28.581Z,INFO,engine.cycle,"monitored C1 measured OK: Hz=276.1398 deg, V=111.9540 deg, dist=63.0491 m",
64369,2026-10-04T05:08:07.133Z,INFO,engine.cycle,"monitored C1: aiming at taught Hz=276.1401 deg, V=111.9543 deg (instrument in same position; prediction within 0.01 deg, ignoring)",
64368,2026-10-04T05:08:07.115Z,INFO,engine.cycle,"monitored B6 measured OK: Hz=270.2415 deg, V=98.2248 deg, dist=61.8241 m",
64367,2026-10-04T05:07:45.800Z,INFO,engine.cycle,"monitored B6: aiming at taught Hz=270.2419 deg, V=98.2248 deg (instrument in same position; prediction within 0.01 deg, ignoring)",
64366,2026-10-04T05:07:45.773Z,INFO,engine.cycle,"monitored B5 measured OK: Hz=270.1393 deg, V=101.5632 deg, dist=62.5232 m",
64365,2026-10-04T05:07:23.806Z,INFO,engine.cycle,"monitored B5: aiming at taught Hz=270.1396 deg, V=101.5635 deg (instrument in same position; prediction within 0.01 deg, ignoring)",
64364,2026-10-04T05:07:23.789Z,WARNING,engine.cycle,monitored B4 measurement failed: GeoComError: RPC 17017 (BAP_MeasDistanceAngle) failed with GRC 8710,
64363,2026-10-04T05:07:15.809Z,WARNING,instrument.leica,"ATR fine-adjust failed after face change, measuring at the coarse position instead: RPC 9037 (AUT_FineAdjust) failed with GRC 8710",
64362,2026-10-04T05:06:59.995Z,INFO,engine.cycle,"monitored B4: aiming at taught Hz=270.2116 deg, V=104.9696 deg (instrument in same position; prediction within 0.01 deg, ignoring)",
64361,2026-10-04T05:06:59.968Z,INFO,engine.cycle,"monitored B2 measured OK: Hz=270.1209 deg, V=107.9619 deg, dist=64.3970 m",
64360,2026-10-04T05:06:36.720Z,INFO,engine.cycle,"monitored B2: aiming at taught Hz=270.1211 deg, V=107.9621 deg (instrument in same position; prediction within 0.01 deg, ignoring)",
64359,2026-10-04T05:06:36.712Z,WARNING,engine.cycle,monitored B1 result held as suspect: 3517.6 mm displacement; differs from prior candidate by 1750.1 mm,
64358,2026-10-04T05:06:12.917Z,INFO,engine.cycle,"monitored B1 measured OK: Hz=272.7821 deg, V=111.4959 deg, dist=63.5650 m",
64357,2026-10-04T05:05:49.582Z,INFO,engine.cycle,"monitored B1: aiming at taught Hz=271.4603 deg, V=111.3481 deg (instrument in same position; prediction within 1.32 deg, ignoring)",
64356,2026-10-04T05:05:49.557Z,INFO,engine.cycle,"monitored A9 measured OK: Hz=264.0503 deg, V=85.6998 deg, dist=65.2240 m",
64355,2026-10-04T05:05:30.123Z,INFO,engine.cycle,"monitored A9: aiming at taught Hz=264.0503 deg, V=85.6997 deg (instrument in same position; prediction within 0.01 deg, ignoring)",
64354,2026-10-04T05:05:30.095Z,INFO,engine.cycle,"monitored A8 measured OK: Hz=264.0244 deg, V=88.4254 deg, dist=65.0807 m",
64353,2026-10-04T05:05:07.986Z,INFO,engine.cycle,"monitored A8: aiming at taught Hz=264.0246 deg, V=88.4257 deg (instrument in same position; prediction within 0.01 deg, ignoring)",
64352,2026-10-04T05:05:07.958Z,INFO,engine.cycle,"monitored A7 measured OK: Hz=263.9714 deg, V=91.1220 deg, dist=65.1207 m",
64351,2026-10-04T05:04:48.639Z,INFO,engine.cycle,"monitored A7: aiming at taught Hz=263.9716 deg, V=91.1298 deg (instrument in same position; prediction within 0.01 deg, ignoring)",
64350,2026-10-04T05:04:48.623Z,WARNING,engine.cycle,monitored A6 measurement failed: GeoComError: RPC 17017 (BAP_MeasDistanceAngle) failed with GRC 8710,
64349,2026-10-04T05:04:40.705Z,WARNING,instrument.leica,"ATR fine-adjust failed, measuring at the coarse taught angle instead: RPC 9037 (AUT_FineAdjust) failed with GRC 8710",
64348,2026-10-04T05:04:19.616Z,INFO,engine.cycle,"monitored A6: aiming at taught Hz=264.0020 deg, V=94.3928 deg (instrument in same position; prediction within 0.01 deg, ignoring)",
64347,2026-10-04T05:04:19.608Z,WARNING,engine.cycle,monitored A5 result held as suspect: 7225.1 mm displacement; differs from prior candidate by 3641.9 mm,
64346,2026-10-04T05:03:53.639Z,INFO,engine.cycle,"monitored A5 measured OK: Hz=266.7672 deg, V=99.6849 deg, dist=71.6827 m",
64345,2026-10-04T05:03:28.421Z,INFO,engine.cycle,"monitored A5: aiming at taught Hz=265.4002 deg, V=98.6962 deg (instrument in same position; prediction within 1.36 deg, ignoring)",
64344,2026-10-04T05:03:28.393Z,INFO,engine.cycle,"monitored A4 measured OK: Hz=264.0175 deg, V=100.7821 deg, dist=66.2355 m",
64343,2026-10-04T05:03:08.418Z,INFO,engine.cycle,"monitored A4: aiming at taught Hz=264.0178 deg, V=100.7819 deg (instrument in same position; prediction within 0.01 deg, ignoring)",
64342,2026-10-04T05:03:08.418Z,WARNING,engine.cycle,monitored A3 measurement failed: GeoComError: RPC 17017 (BAP_MeasDistanceAngle) failed with GRC 8710,
64341,2026-10-04T05:03:00.503Z,WARNING,instrument.leica,"ATR fine-adjust failed, measuring at the coarse taught angle instead: RPC 9037 (AUT_FineAdjust) failed with GRC 8710",
64340,2026-10-04T05:02:43.986Z,INFO,engine.cycle,"monitored A3: aiming at taught Hz=263.9743 deg, V=103.9429 deg (instrument in same position; prediction within 0.01 deg, ignoring)",
64339,2026-10-04T05:02:43.968Z,WARNING,engine.cycle,monitored A2 measurement failed: TimeoutError: measurement exceeded 30.0s,
64338,2026-10-04T05:02:30.789Z,WARNING,instrument.leica,"ATR fine-adjust failed after face change, measuring at the coarse position instead: RPC 9037 (AUT_FineAdjust) failed with GRC 8710",
64337,2026-10-04T05:02:05.176Z,INFO,engine.cycle,"monitored A2: aiming at taught Hz=264.1007 deg, V=107.6140 deg (instrument in same position; prediction within 0.01 deg, ignoring)",
64336,2026-10-04T05:02:05.168Z,WARNING,engine.cycle,monitored A1 measurement failed: GeoComError: RPC 17017 (BAP_MeasDistanceAngle) failed with GRC 8710,
64335,2026-10-04T05:01:57.138Z,WARNING,instrument.leica,"ATR fine-adjust failed, measuring at the coarse taught angle instead: RPC 9037 (AUT_FineAdjust) failed with GRC 8710",
64334,2026-10-04T05:01:41.883Z,INFO,engine.cycle,"monitored A1: aiming at taught Hz=264.0097 deg, V=109.8847 deg (instrument in same position; prediction within 0.01 deg, ignoring)",
64333,2026-10-04T05:01:41.883Z,INFO,engine.cycle,"Cycle 213 transform: translation=0.0109 m, rotation=88.7892 deg (large values = instrument relocated)",
64332,2026-10-04T05:01:41.883Z,INFO,engine.cycle,"Cycle 213 per-reference residuals: R1=11.20mm, R2=11.92mm, R3=12.30mm, R4=46.01mm, R5=14.86mm",
64331,2026-10-04T05:01:41.883Z,WARNING,engine.cycle,"Cycle 213 transform solved from 5 ref(s): RMS=23.48 mm -- unusually high, check for a misidentified/garbage ref reading above",
64330,2026-10-04T05:01:41.855Z,INFO,engine.cycle,"ref R5 measured OK: Hz=111.2245 deg, V=92.3165 deg, dist=17.2600 m",
64329,2026-10-04T05:01:21.698Z,INFO,engine.cycle,"ref R5: aiming at taught Hz=111.2253 deg, V=92.3161 deg",
64328,2026-10-04T05:01:21.683Z,INFO,engine.cycle,"ref R4 measured OK: Hz=105.5323 deg, V=88.3385 deg, dist=61.0578 m",
64327,2026-10-04T05:01:01.289Z,INFO,engine.cycle,"ref R4: aiming at taught Hz=105.5326 deg, V=88.3379 deg",
64326,2026-10-04T05:01:01.266Z,INFO,engine.cycle,"ref R3 measured OK: Hz=100.3090 deg, V=90.3926 deg, dist=76.6114 m",
64325,2026-10-04T05:00:39.421Z,INFO,engine.cycle,"ref R3: aiming at taught Hz=100.3092 deg, V=90.3921 deg",
64324,2026-10-04T05:00:39.402Z,INFO,engine.cycle,"ref R2 measured OK: Hz=62.1471 deg, V=89.4301 deg, dist=18.7803 m",
64323,2026-10-04T05:00:19.165Z,INFO,engine.cycle,"ref R2: aiming at taught Hz=62.1480 deg, V=89.4301 deg",
64322,2026-10-04T05:00:19.139Z,INFO,engine.cycle,"ref R1 measured OK: Hz=21.6542 deg, V=91.2771 deg, dist=17.6157 m",
64321,2026-10-04T05:00:00.383Z,INFO,engine.cycle,"ref R1: aiming at taught Hz=21.6551 deg, V=91.2769 deg",
64320,2026-10-04T05:00:00.376Z,INFO,engine.cycle,"Compensator tilt at cycle start: cross=-0.0085 deg (-9.4 mgon), length=-0.0085 deg (-9.5 mgon)",
64319,2026-10-04T05:00:00.327Z,INFO,engine.cycle,"Cycle 213 starting: site='DeVinci-1', 5 ref(s), 49 monitored, faces=2",
64318,2026-10-04T01:19:43.905Z,INFO,sync.publisher,"Published 43 message(s), 0 failed, 0 pending",
64317,2026-10-04T01:19:38.525Z,INFO,sync.publisher,MQTT connected to 34.38.96.215:8883,
64316,2026-10-04T01:19:36.305Z,INFO,engine.scheduler,cycle 212 -> ok,
64315,2026-10-04T01:19:33.625Z,INFO,engine.cycle,"Cycle 212 ok: 5 refs, 45 monitored, RMS 23.37 mm",
64314,2026-10-04T01:19:33.598Z,INFO,engine.cycle,"monitored I11 measured OK: Hz=285.2538 deg, V=87.2517 deg, dist=62.8267 m",
64313,2026-10-04T01:19:13.623Z,INFO,engine.cycle,"monitored I11: aiming at taught Hz=285.2542 deg, V=87.2521 deg (instrument in same position; prediction within 0.00 deg, ignoring)",
64312,2026-10-04T01:19:13.597Z,INFO,engine.cycle,"monitored I10 measured OK: Hz=285.1981 deg, V=90.3289 deg, dist=62.7814 m",
64311,2026-10-04T01:18:53.181Z,INFO,engine.cycle,"monitored I10: aiming at taught Hz=285.1985 deg, V=90.3288 deg (instrument in same position; prediction within 0.00 deg, ignoring)",
64310,2026-10-04T01:18:53.153Z,INFO,engine.cycle,"monitored H7 measured OK: Hz=286.0036 deg, V=100.7577 deg, dist=59.9811 m",
64309,2026-10-04T01:18:31.833Z,INFO,engine.cycle,"monitored H7: aiming at taught Hz=286.0041 deg, V=100.7579 deg (instrument in same position; prediction within 0.00 deg, ignoring)",
64308,2026-10-04T01:18:31.805Z,INFO,engine.cycle,"monitored H6 measured OK: Hz=285.9232 deg, V=104.3597 deg, dist=60.8460 m",
64307,2026-10-04T01:18:10.185Z,INFO,engine.cycle,"monitored H6: aiming at taught Hz=285.9237 deg, V=104.3599 deg (instrument in same position; prediction within 0.01 deg, ignoring)",
64306,2026-10-04T01:18:10.159Z,INFO,engine.cycle,"monitored H13 measured OK: Hz=286.1248 deg, V=80.7776 deg, dist=59.6696 m",
64305,2026-10-04T01:17:49.819Z,INFO,engine.cycle,"monitored H13: aiming at taught Hz=286.1251 deg, V=80.7775 deg (instrument in same position; prediction within 0.00 deg, ignoring)",
64304,2026-10-04T01:17:49.794Z,INFO,engine.cycle,"monitored H11 measured OK: Hz=286.0899 deg, V=87.1257 deg, dist=58.9806 m",
64303,2026-10-04T01:17:29.384Z,INFO,engine.cycle,"monitored H11: aiming at taught Hz=286.0905 deg, V=87.1257 deg (instrument in same position; prediction within 0.00 deg, ignoring)",
64302,2026-10-04T01:17:29.358Z,INFO,engine.cycle,"monitored H10 measured OK: Hz=286.1843 deg, V=90.3027 deg, dist=58.8877 m",
64301,2026-10-04T01:17:09.134Z,INFO,engine.cycle,"monitored H10: aiming at taught Hz=286.1848 deg, V=90.3030 deg (instrument in same position; prediction within 0.00 deg, ignoring)",
64300,2026-10-04T01:17:09.105Z,INFO,engine.cycle,"monitored G11 measured OK: Hz=281.1130 deg, V=87.1379 deg, dist=63.7994 m",
64299,2026-10-04T01:16:47.822Z,INFO,engine.cycle,"monitored G11: aiming at taught Hz=281.1135 deg, V=87.1381 deg (instrument in same position; prediction within 0.00 deg, ignoring)",
64298,2026-10-04T01:16:47.800Z,INFO,engine.cycle,"monitored G10 measured OK: Hz=281.1464 deg, V=90.1400 deg, dist=63.8385 m",
64297,2026-10-04T01:16:27.967Z,INFO,engine.cycle,"monitored G10: aiming at taught Hz=281.1468 deg, V=90.1401 deg (instrument in same position; prediction within 0.00 deg, ignoring)",
64296,2026-10-04T01:16:27.951Z,INFO,engine.cycle,"monitored F11 measured OK: Hz=279.9391 deg, V=87.0919 deg, dist=58.0295 m",
64295,2026-10-04T01:16:07.530Z,INFO,engine.cycle,"monitored F11: aiming at taught Hz=279.9398 deg, V=87.0917 deg (instrument in same position; prediction within 0.00 deg, ignoring)",
64294,2026-10-04T01:16:07.504Z,INFO,engine.cycle,"monitored F10 measured OK: Hz=279.8635 deg, V=90.3077 deg, dist=57.7698 m",
64293,2026-10-04T01:15:47.224Z,INFO,engine.cycle,"monitored F10: aiming at taught Hz=279.8639 deg, V=90.3075 deg (instrument in same position; prediction within 0.00 deg, ignoring)",
64292,2026-10-04T01:15:47.196Z,INFO,engine.cycle,"monitored E7 measured OK: Hz=272.7740 deg, V=100.8016 deg, dist=60.2294 m",
64291,2026-10-04T01:15:25.909Z,INFO,engine.cycle,"monitored E7: aiming at taught Hz=272.7745 deg, V=100.8018 deg (instrument in same position; prediction within 0.01 deg, ignoring)",
64290,2026-10-04T01:15:25.893Z,INFO,engine.cycle,"monitored E6 measured OK: Hz=272.7780 deg, V=105.7054 deg, dist=61.4363 m",
64289,2026-10-04T01:15:05.133Z,INFO,engine.cycle,"monitored E6: aiming at taught Hz=272.7783 deg, V=105.7056 deg (instrument in same position; prediction within 0.01 deg, ignoring)",
64288,2026-10-04T01:15:05.105Z,INFO,engine.cycle,"monitored E5 measured OK: Hz=272.6985 deg, V=108.5309 deg, dist=62.4147 m",
64287,2026-10-04T01:14:44.349Z,INFO,engine.cycle,"monitored E5: aiming at taught Hz=272.6989 deg, V=108.5306 deg (instrument in same position; prediction within 0.01 deg, ignoring)",
64286,2026-10-04T01:14:44.322Z,INFO,engine.cycle,"monitored E4 measured OK: Hz=272.7822 deg, V=111.4957 deg, dist=63.5651 m",
64285,2026-10-04T01:14:23.066Z,INFO,engine.cycle,"monitored E4: aiming at taught Hz=272.7827 deg, V=111.4961 deg (instrument in same position; prediction within 0.01 deg, ignoring)",
64284,2026-10-04T01:14:23.027Z,INFO,engine.cycle,"monitored D9 measured OK: Hz=282.5641 deg, V=85.1123 deg, dist=56.5709 m",
64283,2026-10-04T01:14:02.843Z,INFO,engine.cycle,"monitored D9: aiming at taught Hz=282.5645 deg, V=85.1119 deg (instrument in same position; prediction within 0.01 deg, ignoring)",
64282,2026-10-04T01:14:02.813Z,INFO,engine.cycle,"monitored D8 measured OK: Hz=282.5850 deg, V=88.3205 deg, dist=56.3774 m",
64281,2026-10-04T01:13:42.856Z,INFO,engine.cycle,"monitored D8: aiming at taught Hz=282.5856 deg, V=88.3206 deg (instrument in same position; prediction within 0.00 deg, ignoring)",
64280,2026-10-04T01:13:42.828Z,INFO,engine.cycle,"monitored D7 measured OK: Hz=282.5413 deg, V=91.6599 deg, dist=56.3854 m",
64279,2026-10-04T01:13:22.815Z,INFO,engine.cycle,"monitored D7: aiming at taught Hz=282.5419 deg, V=91.6600 deg (instrument in same position; prediction within 0.00 deg, ignoring)",
64278,2026-10-04T01:13:22.787Z,INFO,engine.cycle,"monitored D6 measured OK: Hz=282.5207 deg, V=95.3489 deg, dist=56.6274 m",
64277,2026-10-04T01:13:02.216Z,INFO,engine.cycle,"monitored D6: aiming at taught Hz=282.5213 deg, V=95.3489 deg (instrument in same position; prediction within 0.01 deg, ignoring)",
64276,2026-10-04T01:13:02.189Z,INFO,engine.cycle,"monitored D5 measured OK: Hz=282.5839 deg, V=99.0663 deg, dist=57.0701 m",
64275,2026-10-04T01:12:41.017Z,INFO,engine.cycle,"monitored D5: aiming at taught Hz=282.5843 deg, V=99.0666 deg (instrument in same position; prediction within 0.01 deg, ignoring)",
64274,2026-10-04T01:12:40.988Z,INFO,engine.cycle,"monitored D4 measured OK: Hz=282.5721 deg, V=102.6804 deg, dist=57.7741 m",
64273,2026-10-04T01:12:19.716Z,INFO,engine.cycle,"monitored D4: aiming at taught Hz=282.5725 deg, V=102.6805 deg (instrument in same position; prediction within 0.01 deg, ignoring)",
64272,2026-10-04T01:12:19.689Z,INFO,engine.cycle,"monitored D3 measured OK: Hz=282.5925 deg, V=106.1706 deg, dist=58.6932 m",
64271,2026-10-04T01:11:58.220Z,INFO,engine.cycle,"monitored D3: aiming at taught Hz=282.5930 deg, V=106.1710 deg (instrument in same position; prediction within 0.01 deg, ignoring)",
64270,2026-10-04T01:11:58.192Z,INFO,engine.cycle,"monitored D2 measured OK: Hz=282.5781 deg, V=109.5516 deg, dist=59.8199 m",
64269,2026-10-04T01:11:36.914Z,INFO,engine.cycle,"monitored D2: aiming at taught Hz=282.5788 deg, V=109.5519 deg (instrument in same position; prediction within 0.01 deg, ignoring)",
64268,2026-10-04T01:11:36.886Z,INFO,engine.cycle,"monitored D10 measured OK: Hz=282.5225 deg, V=81.8356 deg, dist=56.9452 m",
64267,2026-10-04T01:11:15.295Z,INFO,engine.cycle,"monitored D10: aiming at taught Hz=282.5229 deg, V=81.8355 deg (instrument in same position; prediction within 0.01 deg, ignoring)",
64266,2026-10-04T01:11:15.278Z,INFO,engine.cycle,"monitored D1 measured OK: Hz=282.5905 deg, V=112.8224 deg, dist=61.1568 m",
64265,2026-10-04T01:10:54.339Z,INFO,engine.cycle,"monitored D1: aiming at taught Hz=282.5909 deg, V=112.8228 deg (instrument in same position; prediction within 0.01 deg, ignoring)",
64264,2026-10-04T01:10:54.336Z,INFO,engine.cycle,"monitored C9 measured OK: Hz=276.0776 deg, V=85.4558 deg, dist=58.6591 m",
64263,2026-10-04T01:10:33.215Z,INFO,engine.cycle,"monitored C9: aiming at taught Hz=276.0783 deg, V=85.4555 deg (instrument in same position; prediction within 0.01 deg, ignoring)",
64262,2026-10-04T01:10:33.186Z,INFO,engine.cycle,"monitored C8 measured OK: Hz=276.0777 deg, V=88.5182 deg, dist=58.4915 m",
64261,2026-10-04T01:10:12.070Z,INFO,engine.cycle,"monitored C8: aiming at taught Hz=276.0782 deg, V=88.5184 deg (instrument in same position; prediction within 0.01 deg, ignoring)",
64260,2026-10-04T01:10:12.044Z,INFO,engine.cycle,"monitored C7 measured OK: Hz=276.0632 deg, V=91.6893 deg, dist=58.5150 m",
64259,2026-10-04T01:09:51.912Z,INFO,engine.cycle,"monitored C7: aiming at taught Hz=276.0640 deg, V=91.6894 deg (instrument in same position; prediction within 0.01 deg, ignoring)",
64258,2026-10-04T01:09:51.886Z,INFO,engine.cycle,"monitored C6 measured OK: Hz=276.0342 deg, V=95.2745 deg, dist=58.7718 m",
64257,2026-10-04T01:09:30.610Z,INFO,engine.cycle,"monitored C6: aiming at taught Hz=276.0345 deg, V=95.2747 deg (instrument in same position; prediction within 0.01 deg, ignoring)",
64256,2026-10-04T01:09:30.583Z,INFO,engine.cycle,"monitored C5 measured OK: Hz=276.0953 deg, V=98.7757 deg, dist=59.1945 m",
64255,2026-10-04T01:09:09.685Z,INFO,engine.cycle,"monitored C5: aiming at taught Hz=276.0954 deg, V=98.7757 deg (instrument in same position; prediction within 0.01 deg, ignoring)",
64254,2026-10-04T01:09:09.644Z,INFO,engine.cycle,"monitored C4 measured OK: Hz=276.1077 deg, V=102.2865 deg, dist=59.8676 m",
64253,2026-10-04T01:08:49.062Z,INFO,engine.cycle,"monitored C4: aiming at taught Hz=276.1084 deg, V=102.2864 deg (instrument in same position; prediction within 0.01 deg, ignoring)",
64252,2026-10-04T01:08:49.036Z,INFO,engine.cycle,"monitored C3 measured OK: Hz=276.0594 deg, V=105.5072 deg, dist=60.7288 m",
64251,2026-10-04T01:08:28.210Z,INFO,engine.cycle,"monitored C3: aiming at taught Hz=276.0604 deg, V=105.5068 deg (instrument in same position; prediction within 0.01 deg, ignoring)",
64250,2026-10-04T01:08:28.182Z,INFO,engine.cycle,"monitored C2 measured OK: Hz=276.0773 deg, V=108.7116 deg, dist=61.7609 m",
64249,2026-10-04T01:08:09.014Z,INFO,engine.cycle,"monitored C2: aiming at taught Hz=276.0778 deg, V=108.7120 deg (instrument in same position; prediction within 0.01 deg, ignoring)",
64248,2026-10-04T01:08:08.999Z,WARNING,engine.cycle,monitored C10 measurement failed: GeoComError: RPC 17017 (BAP_MeasDistanceAngle) failed with GRC 8710,
64247,2026-10-04T01:08:00.238Z,WARNING,instrument.leica,"ATR fine-adjust failed, measuring at the coarse taught angle instead: RPC 9037 (AUT_FineAdjust) failed with GRC 8710",
64246,2026-10-04T01:07:53.054Z,INFO,engine.cycle,"monitored C10: aiming at taught Hz=276.0844 deg, V=82.1136 deg (instrument in same position; prediction within 0.01 deg, ignoring)",
64245,2026-10-04T01:07:53.036Z,INFO,engine.cycle,"monitored C1 measured OK: Hz=276.1401 deg, V=111.9543 deg, dist=63.0490 m",
64244,2026-10-04T01:07:32.173Z,INFO,engine.cycle,"monitored C1: aiming at taught Hz=276.1407 deg, V=111.9546 deg (instrument in same position; prediction within 0.01 deg, ignoring)",
64243,2026-10-04T01:07:32.145Z,INFO,engine.cycle,"monitored B6 measured OK: Hz=270.2419 deg, V=98.2248 deg, dist=61.8239 m",
64242,2026-10-04T01:07:11.459Z,INFO,engine.cycle,"monitored B6: aiming at taught Hz=270.2424 deg, V=98.2249 deg (instrument in same position; prediction within 0.01 deg, ignoring)",
64241,2026-10-04T01:07:11.431Z,INFO,engine.cycle,"monitored B5 measured OK: Hz=270.1396 deg, V=101.5635 deg, dist=62.5229 m",
64240,2026-10-04T01:06:50.080Z,INFO,engine.cycle,"monitored B5: aiming at taught Hz=270.1401 deg, V=101.5636 deg (instrument in same position; prediction within 0.01 deg, ignoring)",
64239,2026-10-04T01:06:50.049Z,INFO,engine.cycle,"monitored B4 measured OK: Hz=270.2116 deg, V=104.9696 deg, dist=63.3845 m",
64238,2026-10-04T01:06:29.223Z,INFO,engine.cycle,"monitored B4: aiming at taught Hz=270.2121 deg, V=104.9699 deg (instrument in same position; prediction within 0.01 deg, ignoring)",
64237,2026-10-04T01:06:29.192Z,INFO,engine.cycle,"monitored B2 measured OK: Hz=270.1211 deg, V=107.9621 deg, dist=64.3971 m",
64236,2026-10-04T01:06:07.785Z,INFO,engine.cycle,"monitored B2: aiming at taught Hz=270.1218 deg, V=107.9622 deg (instrument in same position; prediction within 0.01 deg, ignoring)",
64235,2026-10-04T01:06:07.779Z,WARNING,engine.cycle,monitored B1 result held as suspect: 1767.9 mm displacement; differs from prior candidate by 1750.2 mm,
64234,2026-10-04T01:05:43.333Z,INFO,engine.cycle,"monitored B1 measured OK: Hz=271.4603 deg, V=111.3481 deg, dist=64.6331 m",
64233,2026-10-04T01:05:20.093Z,INFO,engine.cycle,"monitored B1: aiming at predicted Hz=270.1442 deg, V=111.2079 deg (relocation detected; taught was Hz=272.7827 deg, V=111.4963 deg)",
64232,2026-10-04T01:05:20.066Z,INFO,engine.cycle,"monitored A9 measured OK: Hz=264.0503 deg, V=85.6997 deg, dist=65.2238 m",
64231,2026-10-04T01:05:01.006Z,INFO,engine.cycle,"monitored A9: aiming at taught Hz=264.0511 deg, V=85.7000 deg (instrument in same position; prediction within 0.01 deg, ignoring)",
64230,2026-10-04T01:05:00.980Z,INFO,engine.cycle,"monitored A8 measured OK: Hz=264.0246 deg, V=88.4257 deg, dist=65.0806 m",
64229,2026-10-04T01:04:40.210Z,INFO,engine.cycle,"monitored A8: aiming at taught Hz=264.0252 deg, V=88.4257 deg (instrument in same position; prediction within 0.01 deg, ignoring)",
64228,2026-10-04T01:04:40.182Z,INFO,engine.cycle,"monitored A7 measured OK: Hz=263.9716 deg, V=91.1298 deg, dist=65.1207 m",
64227,2026-10-04T01:04:21.259Z,INFO,engine.cycle,"monitored A7: aiming at taught Hz=263.9721 deg, V=91.1296 deg (instrument in same position; prediction within 0.01 deg, ignoring)",
64226,2026-10-04T01:04:21.248Z,WARNING,engine.cycle,monitored A6 measurement failed: GeoComError: RPC 17017 (BAP_MeasDistanceAngle) failed with GRC 8710,
64225,2026-10-04T01:04:13.294Z,WARNING,instrument.leica,"ATR fine-adjust failed, measuring at the coarse taught angle instead: RPC 9037 (AUT_FineAdjust) failed with GRC 8710",
64224,2026-10-04T01:03:56.817Z,INFO,engine.cycle,"monitored A6: aiming at taught Hz=264.0020 deg, V=94.3928 deg (instrument in same position; prediction within 0.01 deg, ignoring)",
64223,2026-10-04T01:03:56.807Z,WARNING,engine.cycle,monitored A5 result held as suspect: 3585.5 mm displacement; repeat differs by 3594.8 mm,
64222,2026-10-04T01:03:34.441Z,INFO,engine.cycle,"monitored A5 measured OK: Hz=265.4002 deg, V=98.6962 deg, dist=68.6715 m",
64221,2026-10-04T01:03:06.415Z,INFO,engine.cycle,"monitored A5: aiming at predicted Hz=264.0393 deg, V=97.7142 deg (relocation detected; taught was Hz=266.7676 deg, V=99.6854 deg)",
64220,2026-10-04T01:03:06.387Z,INFO,engine.cycle,"monitored A4 measured OK: Hz=264.0178 deg, V=100.7819 deg, dist=66.2357 m",
64219,2026-10-04T01:02:47.739Z,INFO,engine.cycle,"monitored A4: aiming at taught Hz=264.0183 deg, V=100.7821 deg (instrument in same position; prediction within 0.01 deg, ignoring)",
64218,2026-10-04T01:02:47.739Z,WARNING,engine.cycle,monitored A3 measurement failed: GeoComError: RPC 17017 (BAP_MeasDistanceAngle) failed with GRC 8710,
64217,2026-10-04T01:02:39.728Z,WARNING,instrument.leica,"ATR fine-adjust failed, measuring at the coarse taught angle instead: RPC 9037 (AUT_FineAdjust) failed with GRC 8710",
64216,2026-10-04T01:02:23.162Z,INFO,engine.cycle,"monitored A3: aiming at taught Hz=263.9743 deg, V=103.9429 deg (instrument in same position; prediction within 0.01 deg, ignoring)",
64215,2026-10-04T01:02:23.127Z,INFO,engine.cycle,"monitored A2 measured OK: Hz=264.1007 deg, V=107.6140 deg, dist=68.2077 m",
64214,2026-10-04T01:02:04.113Z,INFO,engine.cycle,"monitored A2: aiming at taught Hz=264.1010 deg, V=107.6143 deg (instrument in same position; prediction within 0.01 deg, ignoring)",
64213,2026-10-04T01:02:04.097Z,WARNING,engine.cycle,monitored A1 measurement failed: GeoComError: RPC 17017 (BAP_MeasDistanceAngle) failed with GRC 8710,
64212,2026-10-04T01:01:56.058Z,WARNING,instrument.leica,"ATR fine-adjust failed, measuring at the coarse taught angle instead: RPC 9037 (AUT_FineAdjust) failed with GRC 8710",
64211,2026-10-04T01:01:41.078Z,INFO,engine.cycle,"monitored A1: aiming at taught Hz=264.0097 deg, V=109.8847 deg (instrument in same position; prediction within 0.01 deg, ignoring)",
64210,2026-10-04T01:01:41.078Z,INFO,engine.cycle,"Cycle 212 transform: translation=0.0107 m, rotation=88.7893 deg (large values = instrument relocated)",
64209,2026-10-04T01:01:41.078Z,INFO,engine.cycle,"Cycle 212 per-reference residuals: R1=11.14mm, R2=11.82mm, R3=12.39mm, R4=45.81mm, R5=14.63mm",
64208,2026-10-04T01:01:41.077Z,WARNING,engine.cycle,"Cycle 212 transform solved from 5 ref(s): RMS=23.37 mm -- unusually high, check for a misidentified/garbage ref reading above",
64207,2026-10-04T01:01:41.048Z,INFO,engine.cycle,"ref R5 measured OK: Hz=111.2253 deg, V=92.3161 deg, dist=17.2600 m",
64206,2026-10-04T01:01:20.684Z,INFO,engine.cycle,"ref R5: aiming at taught Hz=111.2259 deg, V=92.3158 deg",
64205,2026-10-04T01:01:20.663Z,INFO,engine.cycle,"ref R4 measured OK: Hz=105.5326 deg, V=88.3379 deg, dist=61.0582 m",
64204,2026-10-04T01:00:59.739Z,INFO,engine.cycle,"ref R4: aiming at taught Hz=105.5330 deg, V=88.3379 deg",
64203,2026-10-04T01:00:59.716Z,INFO,engine.cycle,"ref R3 measured OK: Hz=100.3092 deg, V=90.3921 deg, dist=76.6118 m",
64202,2026-10-04T01:00:38.756Z,INFO,engine.cycle,"ref R3: aiming at taught Hz=100.3097 deg, V=90.3922 deg",
64201,2026-10-04T01:00:38.732Z,INFO,engine.cycle,"ref R2 measured OK: Hz=62.1480 deg, V=89.4301 deg, dist=18.7803 m",
64200,2026-10-04T01:00:18.844Z,INFO,engine.cycle,"ref R2: aiming at taught Hz=62.1487 deg, V=89.4303 deg",
64199,2026-10-04T01:00:18.821Z,INFO,engine.cycle,"ref R1 measured OK: Hz=21.6551 deg, V=91.2769 deg, dist=17.6156 m",
64198,2026-10-04T01:00:00.110Z,INFO,engine.cycle,"ref R1: aiming at taught Hz=21.6559 deg, V=91.2769 deg",
64197,2026-10-04T01:00:00.094Z,INFO,engine.cycle,"Compensator tilt at cycle start: cross=-0.0011 deg (-1.2 mgon), length=-0.0064 deg (-7.1 mgon)",
64196,2026-10-04T01:00:00.071Z,INFO,engine.cycle,"Cycle 212 starting: site='DeVinci-1', 5 ref(s), 49 monitored, faces=2",
64195,2026-10-03T21:20:23.495Z,INFO,sync.publisher,"Published 44 message(s), 0 failed, 0 pending",
64194,2026-10-03T21:20:18.013Z,INFO,sync.publisher,MQTT connected to 34.38.96.215:8883,
64193,2026-10-03T21:20:16.784Z,INFO,engine.scheduler,cycle 211 -> ok,
64192,2026-10-03T21:20:14.113Z,INFO,engine.cycle,"Cycle 211 ok: 5 refs, 45 monitored, RMS 23.40 mm",
64191,2026-10-03T21:20:14.083Z,INFO,engine.cycle,"monitored I11 measured OK: Hz=285.2542 deg, V=87.2521 deg, dist=62.8265 m",
64190,2026-10-03T21:19:54.024Z,INFO,engine.cycle,"monitored I11: aiming at taught Hz=285.2552 deg, V=87.2520 deg (instrument in same position; prediction within 0.00 deg, ignoring)",
64189,2026-10-03T21:19:54.004Z,INFO,engine.cycle,"monitored I10 measured OK: Hz=285.1985 deg, V=90.3288 deg, dist=62.7811 m",
64188,2026-10-03T21:19:33.979Z,INFO,engine.cycle,"monitored I10: aiming at taught Hz=285.1993 deg, V=90.3291 deg (instrument in same position; prediction within 0.00 deg, ignoring)",
64187,2026-10-03T21:19:33.952Z,INFO,engine.cycle,"monitored H7 measured OK: Hz=286.0041 deg, V=100.7579 deg, dist=59.9809 m",
64186,2026-10-03T21:19:12.951Z,INFO,engine.cycle,"monitored H7: aiming at taught Hz=286.0054 deg, V=100.7583 deg (instrument in same position; prediction within 0.00 deg, ignoring)",
64185,2026-10-03T21:19:12.949Z,INFO,engine.cycle,"monitored H6 measured OK: Hz=285.9237 deg, V=104.3599 deg, dist=60.8457 m",
64184,2026-10-03T21:18:51.578Z,INFO,engine.cycle,"monitored H6: aiming at taught Hz=285.9247 deg, V=104.3600 deg (instrument in same position; prediction within 0.00 deg, ignoring)",
64183,2026-10-03T21:18:51.542Z,INFO,engine.cycle,"monitored H13 measured OK: Hz=286.1251 deg, V=80.7775 deg, dist=59.6692 m",
64182,2026-10-03T21:18:31.282Z,INFO,engine.cycle,"monitored H13: aiming at taught Hz=286.1262 deg, V=80.7772 deg (instrument in same position; prediction within 0.00 deg, ignoring)",
64181,2026-10-03T21:18:31.254Z,INFO,engine.cycle,"monitored H11 measured OK: Hz=286.0905 deg, V=87.1257 deg, dist=58.9802 m",
64180,2026-10-03T21:18:10.935Z,INFO,engine.cycle,"monitored H11: aiming at taught Hz=286.0914 deg, V=87.1256 deg (instrument in same position; prediction within 0.00 deg, ignoring)",
64179,2026-10-03T21:18:10.916Z,INFO,engine.cycle,"monitored H10 measured OK: Hz=286.1848 deg, V=90.3030 deg, dist=58.8873 m",
64178,2026-10-03T21:17:51.327Z,INFO,engine.cycle,"monitored H10: aiming at taught Hz=286.1860 deg, V=90.3031 deg (instrument in same position; prediction within 0.00 deg, ignoring)",
64177,2026-10-03T21:17:51.299Z,INFO,engine.cycle,"monitored G11 measured OK: Hz=281.1135 deg, V=87.1381 deg, dist=63.7991 m",
64176,2026-10-03T21:17:30.094Z,INFO,engine.cycle,"monitored G11: aiming at taught Hz=281.1146 deg, V=87.1380 deg (instrument in same position; prediction within 0.00 deg, ignoring)",
64175,2026-10-03T21:17:30.068Z,INFO,engine.cycle,"monitored G10 measured OK: Hz=281.1468 deg, V=90.1401 deg, dist=63.8380 m",
64174,2026-10-03T21:17:10.068Z,INFO,engine.cycle,"monitored G10: aiming at taught Hz=281.1479 deg, V=90.1402 deg (instrument in same position; prediction within 0.00 deg, ignoring)",
64173,2026-10-03T21:17:10.027Z,INFO,engine.cycle,"monitored F11 measured OK: Hz=279.9398 deg, V=87.0917 deg, dist=58.0291 m",
64172,2026-10-03T21:16:48.847Z,INFO,engine.cycle,"monitored F11: aiming at taught Hz=279.9410 deg, V=87.0916 deg (instrument in same position; prediction within 0.00 deg, ignoring)",
64171,2026-10-03T21:16:48.838Z,INFO,engine.cycle,"monitored F10 measured OK: Hz=279.8639 deg, V=90.3075 deg, dist=57.7695 m",
64170,2026-10-03T21:16:29.113Z,INFO,engine.cycle,"monitored F10: aiming at taught Hz=279.8653 deg, V=90.3075 deg (instrument in same position; prediction within 0.00 deg, ignoring)",
64169,2026-10-03T21:16:29.086Z,INFO,engine.cycle,"monitored E7 measured OK: Hz=272.7745 deg, V=100.8018 deg, dist=60.2288 m",
64168,2026-10-03T21:16:07.594Z,INFO,engine.cycle,"monitored E7: aiming at taught Hz=272.7756 deg, V=100.8019 deg (instrument in same position; prediction within 0.01 deg, ignoring)",
64167,2026-10-03T21:16:07.576Z,INFO,engine.cycle,"monitored E6 measured OK: Hz=272.7783 deg, V=105.7056 deg, dist=61.4359 m",
64166,2026-10-03T21:15:46.368Z,INFO,engine.cycle,"monitored E6: aiming at taught Hz=272.7793 deg, V=105.7054 deg (instrument in same position; prediction within 0.01 deg, ignoring)",
64165,2026-10-03T21:15:46.337Z,INFO,engine.cycle,"monitored E5 measured OK: Hz=272.6989 deg, V=108.5306 deg, dist=62.4144 m",
64164,2026-10-03T21:15:25.211Z,INFO,engine.cycle,"monitored E5: aiming at taught Hz=272.7000 deg, V=108.5310 deg (instrument in same position; prediction within 0.01 deg, ignoring)",
64163,2026-10-03T21:15:25.183Z,INFO,engine.cycle,"monitored E4 measured OK: Hz=272.7827 deg, V=111.4961 deg, dist=63.5648 m",
64162,2026-10-03T21:15:04.106Z,INFO,engine.cycle,"monitored E4: aiming at taught Hz=272.7837 deg, V=111.4963 deg (instrument in same position; prediction within 0.01 deg, ignoring)",
64161,2026-10-03T21:15:04.087Z,INFO,engine.cycle,"monitored D9 measured OK: Hz=282.5645 deg, V=85.1119 deg, dist=56.5709 m",
64160,2026-10-03T21:14:44.168Z,INFO,engine.cycle,"monitored D9: aiming at taught Hz=282.5655 deg, V=85.1115 deg (instrument in same position; prediction within 0.01 deg, ignoring)",
64159,2026-10-03T21:14:44.133Z,INFO,engine.cycle,"monitored D8 measured OK: Hz=282.5856 deg, V=88.3206 deg, dist=56.3770 m",
64158,2026-10-03T21:14:24.433Z,INFO,engine.cycle,"monitored D8: aiming at taught Hz=282.5866 deg, V=88.3205 deg (instrument in same position; prediction within 0.01 deg, ignoring)",
64157,2026-10-03T21:14:24.404Z,INFO,engine.cycle,"monitored D7 measured OK: Hz=282.5419 deg, V=91.6600 deg, dist=56.3850 m",
64156,2026-10-03T21:14:04.438Z,INFO,engine.cycle,"monitored D7: aiming at taught Hz=282.5428 deg, V=91.6599 deg (instrument in same position; prediction within 0.00 deg, ignoring)",
64155,2026-10-03T21:14:04.410Z,INFO,engine.cycle,"monitored D6 measured OK: Hz=282.5213 deg, V=95.3489 deg, dist=56.6273 m",
64154,2026-10-03T21:13:43.965Z,INFO,engine.cycle,"monitored D6: aiming at taught Hz=282.5223 deg, V=95.3492 deg (instrument in same position; prediction within 0.00 deg, ignoring)",
64153,2026-10-03T21:13:43.937Z,INFO,engine.cycle,"monitored D5 measured OK: Hz=282.5843 deg, V=99.0666 deg, dist=57.0699 m",
64152,2026-10-03T21:13:22.856Z,INFO,engine.cycle,"monitored D5: aiming at taught Hz=282.5856 deg, V=99.0667 deg (instrument in same position; prediction within 0.01 deg, ignoring)",
64151,2026-10-03T21:13:22.831Z,INFO,engine.cycle,"monitored D4 measured OK: Hz=282.5725 deg, V=102.6805 deg, dist=57.7739 m",
64150,2026-10-03T21:13:01.614Z,INFO,engine.cycle,"monitored D4: aiming at taught Hz=282.5737 deg, V=102.6806 deg (instrument in same position; prediction within 0.01 deg, ignoring)",
64149,2026-10-03T21:13:01.587Z,INFO,engine.cycle,"monitored D3 measured OK: Hz=282.5930 deg, V=106.1710 deg, dist=58.6929 m",
64148,2026-10-03T21:12:40.857Z,INFO,engine.cycle,"monitored D3: aiming at taught Hz=282.5941 deg, V=106.1711 deg (instrument in same position; prediction within 0.01 deg, ignoring)",
64147,2026-10-03T21:12:40.830Z,INFO,engine.cycle,"monitored D2 measured OK: Hz=282.5788 deg, V=109.5519 deg, dist=59.8196 m",
64146,2026-10-03T21:12:20.064Z,INFO,engine.cycle,"monitored D2: aiming at taught Hz=282.5797 deg, V=109.5521 deg (instrument in same position; prediction within 0.01 deg, ignoring)",
64145,2026-10-03T21:12:20.027Z,INFO,engine.cycle,"monitored D10 measured OK: Hz=282.5229 deg, V=81.8355 deg, dist=56.9450 m",
64144,2026-10-03T21:11:58.745Z,INFO,engine.cycle,"monitored D10: aiming at taught Hz=282.5241 deg, V=81.8354 deg (instrument in same position; prediction within 0.01 deg, ignoring)",
64143,2026-10-03T21:11:58.729Z,INFO,engine.cycle,"monitored D1 measured OK: Hz=282.5909 deg, V=112.8228 deg, dist=61.1565 m",
64142,2026-10-03T21:11:37.955Z,INFO,engine.cycle,"monitored D1: aiming at taught Hz=282.5919 deg, V=112.8230 deg (instrument in same position; prediction within 0.01 deg, ignoring)",
64141,2026-10-03T21:11:37.927Z,INFO,engine.cycle,"monitored C9 measured OK: Hz=276.0783 deg, V=85.4555 deg, dist=58.6588 m",
64140,2026-10-03T21:11:16.704Z,INFO,engine.cycle,"monitored C9: aiming at taught Hz=276.0795 deg, V=85.4555 deg (instrument in same position; prediction within 0.01 deg, ignoring)",
64139,2026-10-03T21:11:16.686Z,INFO,engine.cycle,"monitored C8 measured OK: Hz=276.0782 deg, V=88.5184 deg, dist=58.4912 m",
64138,2026-10-03T21:10:55.533Z,INFO,engine.cycle,"monitored C8: aiming at taught Hz=276.0795 deg, V=88.5181 deg (instrument in same position; prediction within 0.01 deg, ignoring)",
64137,2026-10-03T21:10:55.503Z,INFO,engine.cycle,"monitored C7 measured OK: Hz=276.0640 deg, V=91.6894 deg, dist=58.5147 m",
64136,2026-10-03T21:10:35.454Z,INFO,engine.cycle,"monitored C7: aiming at taught Hz=276.0650 deg, V=91.6892 deg (instrument in same position; prediction within 0.01 deg, ignoring)",
64135,2026-10-03T21:10:35.426Z,INFO,engine.cycle,"monitored C6 measured OK: Hz=276.0345 deg, V=95.2747 deg, dist=58.7716 m",
64134,2026-10-03T21:10:14.089Z,INFO,engine.cycle,"monitored C6: aiming at taught Hz=276.0356 deg, V=95.2748 deg (instrument in same position; prediction within 0.01 deg, ignoring)",
64133,2026-10-03T21:10:14.073Z,INFO,engine.cycle,"monitored C5 measured OK: Hz=276.0954 deg, V=98.7757 deg, dist=59.1941 m",
64132,2026-10-03T21:09:52.800Z,INFO,engine.cycle,"monitored C5: aiming at taught Hz=276.0968 deg, V=98.7755 deg (instrument in same position; prediction within 0.01 deg, ignoring)",
64131,2026-10-03T21:09:52.772Z,INFO,engine.cycle,"monitored C4 measured OK: Hz=276.1084 deg, V=102.2864 deg, dist=59.8673 m",
64130,2026-10-03T21:09:32.046Z,INFO,engine.cycle,"monitored C4: aiming at taught Hz=276.1097 deg, V=102.2863 deg (instrument in same position; prediction within 0.01 deg, ignoring)",
64129,2026-10-03T21:09:32.019Z,INFO,engine.cycle,"monitored C3 measured OK: Hz=276.0604 deg, V=105.5068 deg, dist=60.7284 m",
64128,2026-10-03T21:09:10.583Z,INFO,engine.cycle,"monitored C3: aiming at taught Hz=276.0615 deg, V=105.5070 deg (instrument in same position; prediction within 0.01 deg, ignoring)",
64127,2026-10-03T21:09:10.555Z,INFO,engine.cycle,"monitored C2 measured OK: Hz=276.0778 deg, V=108.7120 deg, dist=61.7606 m",
64126,2026-10-03T21:08:49.400Z,INFO,engine.cycle,"monitored C2: aiming at taught Hz=276.0789 deg, V=108.7122 deg (instrument in same position; prediction within 0.01 deg, ignoring)",
64125,2026-10-03T21:08:49.390Z,WARNING,engine.cycle,monitored C10 measurement failed: TimeoutError: measurement exceeded 30.0s,
64124,2026-10-03T21:08:41.428Z,WARNING,instrument.leica,"ATR fine-adjust failed after face change, measuring at the coarse position instead: RPC 9037 (AUT_FineAdjust) failed with GRC 8710",
64123,2026-10-03T21:08:18.471Z,WARNING,instrument.leica,"ATR fine-adjust failed, measuring at the coarse taught angle instead: RPC 9037 (AUT_FineAdjust) failed with GRC 8710",
64122,2026-10-03T21:07:57.095Z,INFO,engine.cycle,"monitored C10: aiming at taught Hz=276.0844 deg, V=82.1136 deg (instrument in same position; prediction within 0.01 deg, ignoring)",
64121,2026-10-03T21:07:57.067Z,INFO,engine.cycle,"monitored C1 measured OK: Hz=276.1407 deg, V=111.9546 deg, dist=63.0487 m",
64120,2026-10-03T21:07:36.139Z,INFO,engine.cycle,"monitored C1: aiming at taught Hz=276.1417 deg, V=111.9549 deg (instrument in same position; prediction within 0.01 deg, ignoring)",
64119,2026-10-03T21:07:36.108Z,INFO,engine.cycle,"monitored B6 measured OK: Hz=270.2424 deg, V=98.2249 deg, dist=61.8237 m",
64118,2026-10-03T21:07:15.289Z,INFO,engine.cycle,"monitored B6: aiming at taught Hz=270.2434 deg, V=98.2251 deg (instrument in same position; prediction within 0.01 deg, ignoring)",
64117,2026-10-03T21:07:15.266Z,INFO,engine.cycle,"monitored B5 measured OK: Hz=270.1401 deg, V=101.5636 deg, dist=62.5225 m",
64116,2026-10-03T21:06:54.087Z,INFO,engine.cycle,"monitored B5: aiming at taught Hz=270.1412 deg, V=101.5638 deg (instrument in same position; prediction within 0.01 deg, ignoring)",
64115,2026-10-03T21:06:54.055Z,INFO,engine.cycle,"monitored B4 measured OK: Hz=270.2121 deg, V=104.9699 deg, dist=63.3841 m",
64114,2026-10-03T21:06:33.245Z,INFO,engine.cycle,"monitored B4: aiming at taught Hz=270.2131 deg, V=104.9699 deg (instrument in same position; prediction within 0.01 deg, ignoring)",
64113,2026-10-03T21:06:33.216Z,INFO,engine.cycle,"monitored B2 measured OK: Hz=270.1218 deg, V=107.9622 deg, dist=64.3968 m",
64112,2026-10-03T21:06:11.985Z,INFO,engine.cycle,"monitored B2: aiming at taught Hz=270.1230 deg, V=107.9623 deg (instrument in same position; prediction within 0.01 deg, ignoring)",
64111,2026-10-03T21:06:11.977Z,WARNING,engine.cycle,monitored B1 result held as suspect: 3517.8 mm displacement; differs from prior candidate by 1749.2 mm,
64110,2026-10-03T21:05:48.416Z,INFO,engine.cycle,"monitored B1 measured OK: Hz=272.7827 deg, V=111.4963 deg, dist=63.5648 m",
64109,2026-10-03T21:05:25.139Z,INFO,engine.cycle,"monitored B1: aiming at taught Hz=271.4624 deg, V=111.3489 deg (instrument in same position; prediction within 1.32 deg, ignoring)",
64108,2026-10-03T21:05:25.112Z,INFO,engine.cycle,"monitored A9 measured OK: Hz=264.0511 deg, V=85.7000 deg, dist=65.2235 m",
64107,2026-10-03T21:05:06.323Z,INFO,engine.cycle,"monitored A9: aiming at taught Hz=264.0523 deg, V=85.6998 deg (instrument in same position; prediction within 0.01 deg, ignoring)",
64106,2026-10-03T21:05:06.296Z,INFO,engine.cycle,"monitored A8 measured OK: Hz=264.0252 deg, V=88.4257 deg, dist=65.0804 m",
64105,2026-10-03T21:04:45.260Z,INFO,engine.cycle,"monitored A8: aiming at taught Hz=264.0265 deg, V=88.4256 deg (instrument in same position; prediction within 0.01 deg, ignoring)",
64104,2026-10-03T21:04:45.221Z,INFO,engine.cycle,"monitored A7 measured OK: Hz=263.9721 deg, V=91.1296 deg, dist=65.1204 m",
64103,2026-10-03T21:04:26.377Z,INFO,engine.cycle,"monitored A7: aiming at taught Hz=263.9732 deg, V=91.1299 deg (instrument in same position; prediction within 0.01 deg, ignoring)",
64102,2026-10-03T21:04:26.370Z,WARNING,engine.cycle,monitored A6 measurement failed: GeoComError: RPC 17017 (BAP_MeasDistanceAngle) failed with GRC 8710,
64101,2026-10-03T21:04:18.491Z,WARNING,instrument.leica,"ATR fine-adjust failed, measuring at the coarse taught angle instead: RPC 9037 (AUT_FineAdjust) failed with GRC 8710",
64100,2026-10-03T21:04:01.934Z,INFO,engine.cycle,"monitored A6: aiming at taught Hz=264.0020 deg, V=94.3928 deg (instrument in same position; prediction within 0.01 deg, ignoring)",
64099,2026-10-03T21:03:33.664Z,INFO,engine.cycle,"monitored A5 measured OK: Hz=266.7676 deg, V=99.6854 deg, dist=71.6823 m",
64098,2026-10-03T21:03:06.074Z,INFO,engine.cycle,"monitored A5: aiming at taught Hz=264.0347 deg, V=97.7077 deg (instrument in same position; prediction within 0.01 deg, ignoring)",
64097,2026-10-03T21:03:06.074Z,INFO,engine.cycle,"monitored A4 measured OK: Hz=264.0183 deg, V=100.7821 deg, dist=66.2352 m",
64096,2026-10-03T21:02:47.355Z,INFO,engine.cycle,"monitored A4: aiming at taught Hz=264.0196 deg, V=100.7823 deg (instrument in same position; prediction within 0.01 deg, ignoring)",
64095,2026-10-03T21:02:47.347Z,WARNING,engine.cycle,monitored A3 measurement failed: GeoComError: RPC 17017 (BAP_MeasDistanceAngle) failed with GRC 8710,
64094,2026-10-03T21:02:39.433Z,WARNING,instrument.leica,"ATR fine-adjust failed, measuring at the coarse taught angle instead: RPC 9037 (AUT_FineAdjust) failed with GRC 8710",
64093,2026-10-03T21:02:22.795Z,INFO,engine.cycle,"monitored A3: aiming at taught Hz=263.9743 deg, V=103.9429 deg (instrument in same position; prediction within 0.01 deg, ignoring)",
64092,2026-10-03T21:02:22.766Z,INFO,engine.cycle,"monitored A2 measured OK: Hz=264.1010 deg, V=107.6143 deg, dist=68.2075 m",
64091,2026-10-03T21:02:03.878Z,INFO,engine.cycle,"monitored A2: aiming at taught Hz=264.1021 deg, V=107.6146 deg (instrument in same position; prediction within 0.01 deg, ignoring)",
64090,2026-10-03T21:02:03.855Z,WARNING,engine.cycle,monitored A1 measurement failed: GeoComError: RPC 17017 (BAP_MeasDistanceAngle) failed with GRC 8710,
64089,2026-10-03T21:01:55.845Z,WARNING,instrument.leica,"ATR fine-adjust failed, measuring at the coarse taught angle instead: RPC 9037 (AUT_FineAdjust) failed with GRC 8710",
64088,2026-10-03T21:01:40.619Z,INFO,engine.cycle,"monitored A1: aiming at taught Hz=264.0097 deg, V=109.8847 deg (instrument in same position; prediction within 0.01 deg, ignoring)",
64087,2026-10-03T21:01:40.619Z,INFO,engine.cycle,"Cycle 211 transform: translation=0.0105 m, rotation=88.7898 deg (large values = instrument relocated)",
64086,2026-10-03T21:01:40.619Z,INFO,engine.cycle,"Cycle 211 per-reference residuals: R1=11.02mm, R2=11.79mm, R3=12.52mm, R4=45.88mm, R5=14.69mm",
64085,2026-10-03T21:01:40.619Z,WARNING,engine.cycle,"Cycle 211 transform solved from 5 ref(s): RMS=23.40 mm -- unusually high, check for a misidentified/garbage ref reading above",
64084,2026-10-03T21:01:40.603Z,INFO,engine.cycle,"ref R5 measured OK: Hz=111.2259 deg, V=92.3158 deg, dist=17.2602 m",
64083,2026-10-03T21:01:20.518Z,INFO,engine.cycle,"ref R5: aiming at taught Hz=111.2270 deg, V=92.3159 deg",
64082,2026-10-03T21:01:20.509Z,INFO,engine.cycle,"ref R4 measured OK: Hz=105.5330 deg, V=88.3379 deg, dist=61.0584 m",
64081,2026-10-03T21:01:00.017Z,INFO,engine.cycle,"ref R4: aiming at taught Hz=105.5336 deg, V=88.3383 deg",
64080,2026-10-03T21:01:00.000Z,INFO,engine.cycle,"ref R3 measured OK: Hz=100.3097 deg, V=90.3922 deg, dist=76.6121 m",
64079,2026-10-03T21:00:39.131Z,INFO,engine.cycle,"ref R3: aiming at taught Hz=100.3106 deg, V=90.3926 deg",
64078,2026-10-03T21:00:39.107Z,INFO,engine.cycle,"ref R2 measured OK: Hz=62.1487 deg, V=89.4303 deg, dist=18.7805 m",
64077,2026-10-03T21:00:19.129Z,INFO,engine.cycle,"ref R2: aiming at taught Hz=62.1500 deg, V=89.4310 deg",
64076,2026-10-03T21:00:19.104Z,INFO,engine.cycle,"ref R1 measured OK: Hz=21.6559 deg, V=91.2769 deg, dist=17.6159 m",
64075,2026-10-03T21:00:00.321Z,INFO,engine.cycle,"ref R1: aiming at taught Hz=21.6573 deg, V=91.2768 deg",
64074,2026-10-03T21:00:00.314Z,INFO,engine.cycle,"Compensator tilt at cycle start: cross=-0.0032 deg (-3.6 mgon), length=-0.0077 deg (-8.5 mgon)",
64073,2026-10-03T21:00:00.267Z,INFO,engine.cycle,"Cycle 211 starting: site='DeVinci-1', 5 ref(s), 49 monitored, faces=2",
64072,2026-10-03T17:19:29.181Z,INFO,sync.publisher,"Published 45 message(s), 0 failed, 0 pending",
64071,2026-10-03T17:19:23.591Z,INFO,sync.publisher,MQTT connected to 34.38.96.215:8883,
64070,2026-10-03T17:19:22.369Z,INFO,engine.scheduler,cycle 210 -> ok,
64069,2026-10-03T17:19:19.395Z,INFO,engine.cycle,"Cycle 210 ok: 5 refs, 46 monitored, RMS 23.39 mm",
64068,2026-10-03T17:19:19.370Z,INFO,engine.cycle,"monitored I11 measured OK: Hz=285.2552 deg, V=87.2520 deg, dist=62.8260 m",
64067,2026-10-03T17:18:59.588Z,INFO,engine.cycle,"monitored I11: aiming at taught Hz=285.2566 deg, V=87.2514 deg (instrument in same position; prediction within 0.00 deg, ignoring)",
64066,2026-10-03T17:18:59.560Z,INFO,engine.cycle,"monitored I10 measured OK: Hz=285.1993 deg, V=90.3291 deg, dist=62.7806 m",
64065,2026-10-03T17:18:39.164Z,INFO,engine.cycle,"monitored I10: aiming at taught Hz=285.2008 deg, V=90.3293 deg (instrument in same position; prediction within 0.00 deg, ignoring)",
64064,2026-10-03T17:18:39.148Z,INFO,engine.cycle,"monitored H7 measured OK: Hz=286.0054 deg, V=100.7583 deg, dist=59.9804 m",
64063,2026-10-03T17:18:18.225Z,INFO,engine.cycle,"monitored H7: aiming at taught Hz=286.0067 deg, V=100.7592 deg (instrument in same position; prediction within 0.00 deg, ignoring)",
64062,2026-10-03T17:18:18.197Z,INFO,engine.cycle,"monitored H6 measured OK: Hz=285.9247 deg, V=104.3600 deg, dist=60.8453 m",
64061,2026-10-03T17:17:56.814Z,INFO,engine.cycle,"monitored H6: aiming at taught Hz=285.9259 deg, V=104.3599 deg (instrument in same position; prediction within 0.00 deg, ignoring)",
64060,2026-10-03T17:17:56.798Z,INFO,engine.cycle,"monitored H13 measured OK: Hz=286.1262 deg, V=80.7772 deg, dist=59.6689 m",
64059,2026-10-03T17:17:36.789Z,INFO,engine.cycle,"monitored H13: aiming at taught Hz=286.1274 deg, V=80.7775 deg (instrument in same position; prediction within 0.00 deg, ignoring)",
64058,2026-10-03T17:17:36.763Z,INFO,engine.cycle,"monitored H11 measured OK: Hz=286.0914 deg, V=87.1256 deg, dist=58.9800 m",
64057,2026-10-03T17:17:15.424Z,INFO,engine.cycle,"monitored H11: aiming at taught Hz=286.0951 deg, V=87.1169 deg (instrument in same position; prediction within 0.01 deg, ignoring)",
64056,2026-10-03T17:17:15.398Z,INFO,engine.cycle,"monitored H10 measured OK: Hz=286.1860 deg, V=90.3031 deg, dist=58.8869 m",
64055,2026-10-03T17:16:55.470Z,INFO,engine.cycle,"monitored H10: aiming at taught Hz=286.1870 deg, V=90.3018 deg (instrument in same position; prediction within 0.00 deg, ignoring)",
64054,2026-10-03T17:16:55.449Z,INFO,engine.cycle,"monitored G11 measured OK: Hz=281.1146 deg, V=87.1380 deg, dist=63.7987 m",
64053,2026-10-03T17:16:34.624Z,INFO,engine.cycle,"monitored G11: aiming at taught Hz=281.1152 deg, V=87.1388 deg (instrument in same position; prediction within 0.00 deg, ignoring)",
64052,2026-10-03T17:16:34.596Z,INFO,engine.cycle,"monitored G10 measured OK: Hz=281.1479 deg, V=90.1402 deg, dist=63.8376 m",
64051,2026-10-03T17:16:14.896Z,INFO,engine.cycle,"monitored G10: aiming at taught Hz=281.1489 deg, V=90.1400 deg (instrument in same position; prediction within 0.00 deg, ignoring)",
64050,2026-10-03T17:16:14.868Z,INFO,engine.cycle,"monitored F11 measured OK: Hz=279.9410 deg, V=87.0916 deg, dist=58.0286 m",
64049,2026-10-03T17:15:53.964Z,INFO,engine.cycle,"monitored F11: aiming at taught Hz=279.9416 deg, V=87.0920 deg (instrument in same position; prediction within 0.00 deg, ignoring)",
64048,2026-10-03T17:15:53.946Z,INFO,engine.cycle,"monitored F10 measured OK: Hz=279.8653 deg, V=90.3075 deg, dist=57.7691 m",
64047,2026-10-03T17:15:33.121Z,INFO,engine.cycle,"monitored F10: aiming at taught Hz=279.8660 deg, V=90.3069 deg (instrument in same position; prediction within 0.00 deg, ignoring)",
64046,2026-10-03T17:15:33.093Z,INFO,engine.cycle,"monitored E7 measured OK: Hz=272.7756 deg, V=100.8019 deg, dist=60.2287 m",
64045,2026-10-03T17:15:11.984Z,INFO,engine.cycle,"monitored E7: aiming at taught Hz=272.7765 deg, V=100.8021 deg (instrument in same position; prediction within 0.00 deg, ignoring)",
64044,2026-10-03T17:15:11.956Z,INFO,engine.cycle,"monitored E6 measured OK: Hz=272.7793 deg, V=105.7054 deg, dist=61.4355 m",
64043,2026-10-03T17:14:51.219Z,INFO,engine.cycle,"monitored E6: aiming at taught Hz=272.7819 deg, V=105.7062 deg (instrument in same position; prediction within 0.00 deg, ignoring)",
64042,2026-10-03T17:14:51.191Z,INFO,engine.cycle,"monitored E5 measured OK: Hz=272.7000 deg, V=108.5310 deg, dist=62.4139 m",
64041,2026-10-03T17:14:29.781Z,INFO,engine.cycle,"monitored E5: aiming at taught Hz=272.7012 deg, V=108.5322 deg (instrument in same position; prediction within 0.01 deg, ignoring)",
64040,2026-10-03T17:14:29.765Z,INFO,engine.cycle,"monitored E4 measured OK: Hz=272.7837 deg, V=111.4963 deg, dist=63.5645 m",
64039,2026-10-03T17:14:08.624Z,INFO,engine.cycle,"monitored E4: aiming at taught Hz=272.7844 deg, V=111.4963 deg (instrument in same position; prediction within 0.01 deg, ignoring)",
64038,2026-10-03T17:14:08.591Z,INFO,engine.cycle,"monitored D9 measured OK: Hz=282.5655 deg, V=85.1115 deg, dist=56.5703 m",
64037,2026-10-03T17:13:48.265Z,INFO,engine.cycle,"monitored D9: aiming at taught Hz=282.5661 deg, V=85.1126 deg (instrument in same position; prediction within 0.00 deg, ignoring)",
64036,2026-10-03T17:13:48.241Z,INFO,engine.cycle,"monitored D8 measured OK: Hz=282.5866 deg, V=88.3205 deg, dist=56.3766 m",
64035,2026-10-03T17:13:28.374Z,INFO,engine.cycle,"monitored D8: aiming at taught Hz=282.5879 deg, V=88.3205 deg (instrument in same position; prediction within 0.00 deg, ignoring)",
64034,2026-10-03T17:13:28.345Z,INFO,engine.cycle,"monitored D7 measured OK: Hz=282.5428 deg, V=91.6599 deg, dist=56.3847 m",
64033,2026-10-03T17:13:07.115Z,INFO,engine.cycle,"monitored D7: aiming at taught Hz=282.5462 deg, V=91.6601 deg (instrument in same position; prediction within 0.00 deg, ignoring)",
64032,2026-10-03T17:13:07.087Z,INFO,engine.cycle,"monitored D6 measured OK: Hz=282.5223 deg, V=95.3492 deg, dist=56.6268 m",
64031,2026-10-03T17:12:47.182Z,INFO,engine.cycle,"monitored D6: aiming at taught Hz=282.5238 deg, V=95.3486 deg (instrument in same position; prediction within 0.00 deg, ignoring)",
64030,2026-10-03T17:12:47.156Z,INFO,engine.cycle,"monitored D5 measured OK: Hz=282.5856 deg, V=99.0667 deg, dist=57.0695 m",
64029,2026-10-03T17:12:26.518Z,INFO,engine.cycle,"monitored D5: aiming at taught Hz=282.5867 deg, V=99.0675 deg (instrument in same position; prediction within 0.00 deg, ignoring)",
64028,2026-10-03T17:12:26.491Z,INFO,engine.cycle,"monitored D4 measured OK: Hz=282.5737 deg, V=102.6806 deg, dist=57.7734 m",
64027,2026-10-03T17:12:04.980Z,INFO,engine.cycle,"monitored D4: aiming at taught Hz=282.5750 deg, V=102.6804 deg (instrument in same position; prediction within 0.01 deg, ignoring)",
64026,2026-10-03T17:12:04.953Z,INFO,engine.cycle,"monitored D3 measured OK: Hz=282.5941 deg, V=106.1711 deg, dist=58.6925 m",
64025,2026-10-03T17:11:43.913Z,INFO,engine.cycle,"monitored D3: aiming at taught Hz=282.5952 deg, V=106.1720 deg (instrument in same position; prediction within 0.01 deg, ignoring)",
64024,2026-10-03T17:11:43.887Z,INFO,engine.cycle,"monitored D2 measured OK: Hz=282.5797 deg, V=109.5521 deg, dist=59.8194 m",
64023,2026-10-03T17:11:22.563Z,INFO,engine.cycle,"monitored D2: aiming at taught Hz=282.5807 deg, V=109.5526 deg (instrument in same position; prediction within 0.01 deg, ignoring)",
64022,2026-10-03T17:11:22.527Z,INFO,engine.cycle,"monitored D10 measured OK: Hz=282.5241 deg, V=81.8354 deg, dist=56.9445 m",
64021,2026-10-03T17:11:01.487Z,INFO,engine.cycle,"monitored D10: aiming at taught Hz=282.5247 deg, V=81.8352 deg (instrument in same position; prediction within 0.00 deg, ignoring)",
64020,2026-10-03T17:11:01.461Z,INFO,engine.cycle,"monitored D1 measured OK: Hz=282.5919 deg, V=112.8230 deg, dist=61.1562 m",
64019,2026-10-03T17:10:40.377Z,INFO,engine.cycle,"monitored D1: aiming at taught Hz=282.5952 deg, V=112.8237 deg (instrument in same position; prediction within 0.01 deg, ignoring)",
64018,2026-10-03T17:10:40.345Z,INFO,engine.cycle,"monitored C9 measured OK: Hz=276.0795 deg, V=85.4555 deg, dist=58.6585 m",
64017,2026-10-03T17:10:19.354Z,INFO,engine.cycle,"monitored C9: aiming at taught Hz=276.0804 deg, V=85.4550 deg (instrument in same position; prediction within 0.01 deg, ignoring)",
64016,2026-10-03T17:10:19.338Z,INFO,engine.cycle,"monitored C8 measured OK: Hz=276.0795 deg, V=88.5181 deg, dist=58.4908 m",
64015,2026-10-03T17:09:58.542Z,INFO,engine.cycle,"monitored C8: aiming at taught Hz=276.0801 deg, V=88.5192 deg (instrument in same position; prediction within 0.00 deg, ignoring)",
64014,2026-10-03T17:09:58.526Z,INFO,engine.cycle,"monitored C7 measured OK: Hz=276.0650 deg, V=91.6892 deg, dist=58.5143 m",
64013,2026-10-03T17:09:38.462Z,INFO,engine.cycle,"monitored C7: aiming at taught Hz=276.0659 deg, V=91.6895 deg (instrument in same position; prediction within 0.01 deg, ignoring)",
64012,2026-10-03T17:09:38.435Z,INFO,engine.cycle,"monitored C6 measured OK: Hz=276.0356 deg, V=95.2748 deg, dist=58.7712 m",
64011,2026-10-03T17:09:17.311Z,INFO,engine.cycle,"monitored C6: aiming at taught Hz=276.0370 deg, V=95.2734 deg (instrument in same position; prediction within 0.01 deg, ignoring)",
64010,2026-10-03T17:09:17.283Z,INFO,engine.cycle,"monitored C5 measured OK: Hz=276.0968 deg, V=98.7755 deg, dist=59.1937 m",
64009,2026-10-03T17:08:56.115Z,INFO,engine.cycle,"monitored C5: aiming at taught Hz=276.0998 deg, V=98.7767 deg (instrument in same position; prediction within 0.00 deg, ignoring)",
64008,2026-10-03T17:08:56.081Z,INFO,engine.cycle,"monitored C4 measured OK: Hz=276.1097 deg, V=102.2863 deg, dist=59.8670 m",
64007,2026-10-03T17:08:34.397Z,INFO,engine.cycle,"monitored C4: aiming at taught Hz=276.1113 deg, V=102.2940 deg (instrument in same position; prediction within 0.01 deg, ignoring)",
64006,2026-10-03T17:08:34.390Z,INFO,engine.cycle,"monitored C3 measured OK: Hz=276.0615 deg, V=105.5070 deg, dist=60.7281 m",
64005,2026-10-03T17:08:13.289Z,INFO,engine.cycle,"monitored C3: aiming at taught Hz=276.0624 deg, V=105.5072 deg (instrument in same position; prediction within 0.01 deg, ignoring)",
64004,2026-10-03T17:08:13.278Z,INFO,engine.cycle,"monitored C2 measured OK: Hz=276.0789 deg, V=108.7122 deg, dist=61.7601 m",
64003,2026-10-03T17:07:52.256Z,INFO,engine.cycle,"monitored C2: aiming at taught Hz=276.0794 deg, V=108.7133 deg (instrument in same position; prediction within 0.01 deg, ignoring)",
64002,2026-10-03T17:07:52.231Z,INFO,engine.cycle,"monitored C10 measured OK: Hz=276.0844 deg, V=82.1136 deg, dist=59.0384 m",
64001,2026-10-03T17:07:28.034Z,INFO,engine.cycle,"monitored C10: aiming at taught Hz=276.0869 deg, V=82.1138 deg (instrument in same position; prediction within 0.01 deg, ignoring)",
64000,2026-10-03T17:07:28.007Z,INFO,engine.cycle,"monitored C1 measured OK: Hz=276.1417 deg, V=111.9549 deg, dist=63.0484 m",
63999,2026-10-03T17:07:07.142Z,INFO,engine.cycle,"monitored C1: aiming at taught Hz=276.1414 deg, V=111.9526 deg (instrument in same position; prediction within 0.01 deg, ignoring)",
63998,2026-10-03T17:07:07.125Z,INFO,engine.cycle,"monitored B6 measured OK: Hz=270.2434 deg, V=98.2251 deg, dist=61.8233 m",
63997,2026-10-03T17:06:45.951Z,INFO,engine.cycle,"monitored B6: aiming at taught Hz=270.2439 deg, V=98.2252 deg (instrument in same position; prediction within 0.01 deg, ignoring)",
63996,2026-10-03T17:06:45.923Z,INFO,engine.cycle,"monitored B5 measured OK: Hz=270.1412 deg, V=101.5638 deg, dist=62.5222 m",
63995,2026-10-03T17:06:24.947Z,INFO,engine.cycle,"monitored B5: aiming at taught Hz=270.1420 deg, V=101.5631 deg (instrument in same position; prediction within 0.01 deg, ignoring)",
63994,2026-10-03T17:06:24.919Z,INFO,engine.cycle,"monitored B4 measured OK: Hz=270.2131 deg, V=104.9699 deg, dist=63.3838 m",
63993,2026-10-03T17:06:02.788Z,INFO,engine.cycle,"monitored B4: aiming at predicted Hz=270.2194 deg, V=104.9753 deg (relocation detected; taught was Hz=272.7801 deg, V=105.7058 deg)",
63992,2026-10-03T17:06:02.770Z,INFO,engine.cycle,"monitored B2 measured OK: Hz=270.1230 deg, V=107.9623 deg, dist=64.3965 m",
63991,2026-10-03T17:05:41.454Z,INFO,engine.cycle,"monitored B2: aiming at taught Hz=270.1256 deg, V=107.9635 deg (instrument in same position; prediction within 0.00 deg, ignoring)",
63990,2026-10-03T17:05:41.446Z,WARNING,engine.cycle,monitored B1 result held as suspect: 1768.9 mm displacement; differs from prior candidate by 1750.5 mm,
63989,2026-10-03T17:05:16.412Z,INFO,engine.cycle,"monitored B1 measured OK: Hz=271.4624 deg, V=111.3489 deg, dist=64.6326 m",
63988,2026-10-03T17:04:51.803Z,INFO,engine.cycle,"monitored B1: aiming at predicted Hz=270.1452 deg, V=111.2071 deg (relocation detected; taught was Hz=272.7871 deg, V=111.4976 deg)",
63987,2026-10-03T17:04:51.776Z,INFO,engine.cycle,"monitored A9 measured OK: Hz=264.0523 deg, V=85.6998 deg, dist=65.2233 m",
63986,2026-10-03T17:04:33.052Z,INFO,engine.cycle,"monitored A9: aiming at taught Hz=264.0525 deg, V=85.7003 deg (instrument in same position; prediction within 0.00 deg, ignoring)",
63985,2026-10-03T17:04:33.015Z,INFO,engine.cycle,"monitored A8 measured OK: Hz=264.0265 deg, V=88.4256 deg, dist=65.0799 m",
63984,2026-10-03T17:04:11.923Z,INFO,engine.cycle,"monitored A8: aiming at taught Hz=264.0268 deg, V=88.4250 deg (instrument in same position; prediction within 0.01 deg, ignoring)",
63983,2026-10-03T17:04:11.907Z,INFO,engine.cycle,"monitored A7 measured OK: Hz=263.9732 deg, V=91.1299 deg, dist=65.1200 m",
63982,2026-10-03T17:03:52.997Z,INFO,engine.cycle,"monitored A7: aiming at taught Hz=263.9740 deg, V=91.1299 deg (instrument in same position; prediction within 0.01 deg, ignoring)",
63981,2026-10-03T17:03:52.984Z,WARNING,engine.cycle,monitored A6 measurement failed: GeoComError: RPC 17017 (BAP_MeasDistanceAngle) failed with GRC 8710,
63980,2026-10-03T17:03:45.014Z,WARNING,instrument.leica,"ATR fine-adjust failed, measuring at the coarse taught angle instead: RPC 9037 (AUT_FineAdjust) failed with GRC 8710",
63979,2026-10-03T17:03:28.528Z,INFO,engine.cycle,"monitored A6: aiming at taught Hz=264.0020 deg, V=94.3928 deg (instrument in same position; prediction within 0.01 deg, ignoring)",
63978,2026-10-03T17:03:28.517Z,INFO,engine.cycle,"monitored A5 measured OK: Hz=264.0347 deg, V=97.7077 deg, dist=65.6598 m",
63977,2026-10-03T17:03:06.502Z,INFO,engine.cycle,"monitored A5: aiming at predicted Hz=264.0405 deg, V=97.7132 deg (relocation detected; taught was Hz=266.7716 deg, V=99.6868 deg)",
63976,2026-10-03T17:03:06.480Z,INFO,engine.cycle,"monitored A4 measured OK: Hz=264.0196 deg, V=100.7823 deg, dist=66.2348 m",
63975,2026-10-03T17:02:47.561Z,INFO,engine.cycle,"monitored A4: aiming at taught Hz=264.0201 deg, V=100.7823 deg (instrument in same position; prediction within 0.01 deg, ignoring)",
63974,2026-10-03T17:02:47.543Z,WARNING,engine.cycle,monitored A3 measurement failed: GeoComError: RPC 17017 (BAP_MeasDistanceAngle) failed with GRC 8710,
63973,2026-10-03T17:02:39.631Z,WARNING,instrument.leica,"ATR fine-adjust failed, measuring at the coarse taught angle instead: RPC 9037 (AUT_FineAdjust) failed with GRC 8710",
63972,2026-10-03T17:02:23.020Z,INFO,engine.cycle,"monitored A3: aiming at taught Hz=263.9743 deg, V=103.9429 deg (instrument in same position; prediction within 0.01 deg, ignoring)",
63971,2026-10-03T17:02:22.992Z,INFO,engine.cycle,"monitored A2 measured OK: Hz=264.1021 deg, V=107.6146 deg, dist=68.2071 m",
63970,2026-10-03T17:02:04.015Z,INFO,engine.cycle,"monitored A2: aiming at taught Hz=264.1028 deg, V=107.6148 deg (instrument in same position; prediction within 0.01 deg, ignoring)",
63969,2026-10-03T17:02:03.999Z,WARNING,engine.cycle,monitored A1 measurement failed: GeoComError: RPC 17017 (BAP_MeasDistanceAngle) failed with GRC 8710,
63968,2026-10-03T17:01:56.002Z,WARNING,instrument.leica,"ATR fine-adjust failed, measuring at the coarse taught angle instead: RPC 9037 (AUT_FineAdjust) failed with GRC 8710",
63967,2026-10-03T17:01:40.993Z,INFO,engine.cycle,"monitored A1: aiming at taught Hz=264.0097 deg, V=109.8847 deg (instrument in same position; prediction within 0.01 deg, ignoring)",
63966,2026-10-03T17:01:40.992Z,INFO,engine.cycle,"Cycle 210 transform: translation=0.0103 m, rotation=88.7907 deg (large values = instrument relocated)",
63965,2026-10-03T17:01:40.990Z,INFO,engine.cycle,"Cycle 210 per-reference residuals: R1=10.91mm, R2=11.73mm, R3=12.64mm, R4=45.89mm, R5=14.63mm",
63964,2026-10-03T17:01:40.987Z,WARNING,engine.cycle,"Cycle 210 transform solved from 5 ref(s): RMS=23.39 mm -- unusually high, check for a misidentified/garbage ref reading above",
63963,2026-10-03T17:01:40.964Z,INFO,engine.cycle,"ref R5 measured OK: Hz=111.2270 deg, V=92.3159 deg, dist=17.2604 m",
63962,2026-10-03T17:01:21.172Z,INFO,engine.cycle,"ref R5: aiming at taught Hz=111.2283 deg, V=92.3154 deg",
63961,2026-10-03T17:01:21.150Z,INFO,engine.cycle,"ref R4 measured OK: Hz=105.5336 deg, V=88.3383 deg, dist=61.0586 m",
63960,2026-10-03T17:01:00.832Z,INFO,engine.cycle,"ref R4: aiming at taught Hz=105.5340 deg, V=88.3389 deg",
63959,2026-10-03T17:01:00.807Z,INFO,engine.cycle,"ref R3 measured OK: Hz=100.3106 deg, V=90.3926 deg, dist=76.6124 m",
63958,2026-10-03T17:00:39.892Z,INFO,engine.cycle,"ref R3: aiming at taught Hz=100.3113 deg, V=90.3944 deg",
63957,2026-10-03T17:00:39.869Z,INFO,engine.cycle,"ref R2 measured OK: Hz=62.1500 deg, V=89.4310 deg, dist=18.7807 m",
63956,2026-10-03T17:00:19.941Z,INFO,engine.cycle,"ref R2: aiming at taught Hz=62.1514 deg, V=89.4324 deg",
63955,2026-10-03T17:00:19.917Z,INFO,engine.cycle,"ref R1 measured OK: Hz=21.6573 deg, V=91.2768 deg, dist=17.6160 m",
63954,2026-10-03T17:00:00.849Z,INFO,engine.cycle,"ref R1: aiming at taught Hz=21.6588 deg, V=91.2767 deg",
63953,2026-10-03T17:00:00.849Z,INFO,engine.cycle,"Compensator tilt at cycle start: cross=-0.0076 deg (-8.5 mgon), length=-0.0106 deg (-11.7 mgon)",
63952,2026-10-03T17:00:00.810Z,INFO,engine.cycle,"Cycle 210 starting: site='DeVinci-1', 5 ref(s), 49 monitored, faces=2",
63951,2026-10-03T13:23:55.258Z,INFO,sync.publisher,"Published 36 message(s), 0 failed, 0 pending",
63950,2026-10-03T13:23:50.350Z,INFO,sync.publisher,MQTT connected to 34.38.96.215:8883,
63949,2026-10-03T13:23:49.130Z,INFO,engine.scheduler,cycle 209 -> ok,
63948,2026-10-03T13:23:45.388Z,INFO,engine.cycle,"Cycle 209 ok: 5 refs, 37 monitored, RMS 23.37 mm",
63947,2026-10-03T13:23:45.372Z,INFO,engine.cycle,"monitored I11 measured OK: Hz=285.2566 deg, V=87.2514 deg, dist=62.8257 m",
63946,2026-10-03T13:23:22.601Z,INFO,engine.cycle,"monitored I11: aiming at taught Hz=285.2584 deg, V=87.2523 deg (instrument in same position; prediction within 0.00 deg, ignoring)",
63945,2026-10-03T13:23:22.585Z,INFO,engine.cycle,"monitored I10 measured OK: Hz=285.2008 deg, V=90.3293 deg, dist=62.7803 m",
63944,2026-10-03T13:22:58.966Z,INFO,engine.cycle,"monitored I10: aiming at taught Hz=285.2029 deg, V=90.3291 deg (instrument in same position; prediction within 0.00 deg, ignoring)",
63943,2026-10-03T13:22:58.939Z,INFO,engine.cycle,"monitored H7 measured OK: Hz=286.0067 deg, V=100.7592 deg, dist=59.9801 m",
63942,2026-10-03T13:22:31.451Z,INFO,engine.cycle,"monitored H7: aiming at taught Hz=286.0037 deg, V=100.7575 deg (instrument in same position; prediction within 0.01 deg, ignoring)",
63941,2026-10-03T13:22:31.432Z,INFO,engine.cycle,"monitored H6 measured OK: Hz=285.9259 deg, V=104.3599 deg, dist=60.8449 m",
63940,2026-10-03T13:22:06.401Z,INFO,engine.cycle,"monitored H6: aiming at taught Hz=285.9275 deg, V=104.3601 deg (instrument in same position; prediction within 0.00 deg, ignoring)",
63939,2026-10-03T13:22:06.372Z,INFO,engine.cycle,"monitored H13 measured OK: Hz=286.1274 deg, V=80.7775 deg, dist=59.6684 m",
63938,2026-10-03T13:21:36.883Z,INFO,engine.cycle,"monitored H13: aiming at taught Hz=286.1295 deg, V=80.7780 deg (instrument in same position; prediction within 0.00 deg, ignoring)",
63937,2026-10-03T13:21:36.867Z,WARNING,engine.cycle,monitored H11 measurement failed: TimeoutError: measurement exceeded 30.0s,
63936,2026-10-03T13:21:05.550Z,INFO,engine.cycle,"monitored H11: aiming at taught Hz=286.0951 deg, V=87.1169 deg (instrument in same position; prediction within 0.01 deg, ignoring)",
63935,2026-10-03T13:21:05.520Z,INFO,engine.cycle,"monitored H10 measured OK: Hz=286.1870 deg, V=90.3018 deg, dist=58.8864 m",
63934,2026-10-03T13:20:43.357Z,INFO,engine.cycle,"monitored H10: aiming at taught Hz=286.1892 deg, V=90.3029 deg (instrument in same position; prediction within 0.00 deg, ignoring)",
63933,2026-10-03T13:20:43.328Z,INFO,engine.cycle,"monitored G11 measured OK: Hz=281.1152 deg, V=87.1388 deg, dist=63.7982 m",
63932,2026-10-03T13:20:18.337Z,INFO,engine.cycle,"monitored G11: aiming at taught Hz=281.1176 deg, V=87.1392 deg (instrument in same position; prediction within 0.00 deg, ignoring)",
63931,2026-10-03T13:20:18.321Z,INFO,engine.cycle,"monitored G10 measured OK: Hz=281.1489 deg, V=90.1400 deg, dist=63.8372 m",
63930,2026-10-03T13:19:57.801Z,INFO,engine.cycle,"monitored G10: aiming at taught Hz=281.1512 deg, V=90.1405 deg (instrument in same position; prediction within 0.00 deg, ignoring)",
63929,2026-10-03T13:19:57.771Z,INFO,engine.cycle,"monitored F11 measured OK: Hz=279.9416 deg, V=87.0920 deg, dist=58.0284 m",
63928,2026-10-03T13:19:34.456Z,INFO,engine.cycle,"monitored F11: aiming at taught Hz=279.9442 deg, V=87.0916 deg (instrument in same position; prediction within 0.00 deg, ignoring)",
63927,2026-10-03T13:19:34.426Z,INFO,engine.cycle,"monitored F10 measured OK: Hz=279.8660 deg, V=90.3069 deg, dist=57.7687 m",
63926,2026-10-03T13:19:12.151Z,INFO,engine.cycle,"monitored F10: aiming at taught Hz=279.8684 deg, V=90.3092 deg (instrument in same position; prediction within 0.00 deg, ignoring)",
63925,2026-10-03T13:19:12.132Z,INFO,engine.cycle,"monitored E7 measured OK: Hz=272.7765 deg, V=100.8021 deg, dist=60.2282 m",
63924,2026-10-03T13:18:45.512Z,INFO,engine.cycle,"monitored E7: aiming at taught Hz=272.7788 deg, V=100.8029 deg (instrument in same position; prediction within 0.00 deg, ignoring)",
63923,2026-10-03T13:18:45.494Z,WARNING,engine.cycle,monitored E6 measurement failed: TimeoutError: measurement exceeded 30.0s,
63922,2026-10-03T13:18:07.997Z,INFO,engine.cycle,"monitored E6: aiming at taught Hz=272.7819 deg, V=105.7062 deg (instrument in same position; prediction within 0.00 deg, ignoring)",
63921,2026-10-03T13:18:07.976Z,INFO,engine.cycle,"monitored E5 measured OK: Hz=272.7012 deg, V=108.5322 deg, dist=62.4137 m",
63920,2026-10-03T13:17:38.906Z,INFO,engine.cycle,"monitored E5: aiming at taught Hz=272.6986 deg, V=108.5303 deg (instrument in same position; prediction within 0.01 deg, ignoring)",
63919,2026-10-03T13:17:38.878Z,INFO,engine.cycle,"monitored E4 measured OK: Hz=272.7844 deg, V=111.4963 deg, dist=63.5641 m",
63918,2026-10-03T13:17:14.833Z,INFO,engine.cycle,"monitored E4: aiming at taught Hz=272.7871 deg, V=111.4975 deg (instrument in same position; prediction within 0.00 deg, ignoring)",
63917,2026-10-03T13:17:14.814Z,INFO,engine.cycle,"monitored D9 measured OK: Hz=282.5661 deg, V=85.1126 deg, dist=56.5699 m",
63916,2026-10-03T13:16:49.579Z,INFO,engine.cycle,"monitored D9: aiming at taught Hz=282.5690 deg, V=85.1107 deg (instrument in same position; prediction within 0.00 deg, ignoring)",
63915,2026-10-03T13:16:49.558Z,INFO,engine.cycle,"monitored D8 measured OK: Hz=282.5879 deg, V=88.3205 deg, dist=56.3760 m",
63914,2026-10-03T13:16:23.869Z,INFO,engine.cycle,"monitored D8: aiming at taught Hz=282.5849 deg, V=88.3203 deg (instrument in same position; prediction within 0.01 deg, ignoring)",
63913,2026-10-03T13:16:23.853Z,WARNING,engine.cycle,monitored D7 measurement failed: TimeoutError: measurement exceeded 30.0s,
63912,2026-10-03T13:15:50.079Z,INFO,engine.cycle,"monitored D7: aiming at taught Hz=282.5462 deg, V=91.6601 deg (instrument in same position; prediction within 0.00 deg, ignoring)",
63911,2026-10-03T13:15:50.052Z,INFO,engine.cycle,"monitored D6 measured OK: Hz=282.5238 deg, V=95.3486 deg, dist=56.6264 m",
63910,2026-10-03T13:15:20.146Z,INFO,engine.cycle,"monitored D6: aiming at taught Hz=282.5210 deg, V=95.3488 deg (instrument in same position; prediction within 0.01 deg, ignoring)",
63909,2026-10-03T13:15:20.116Z,INFO,engine.cycle,"monitored D5 measured OK: Hz=282.5867 deg, V=99.0675 deg, dist=57.0691 m",
63908,2026-10-03T13:14:50.182Z,INFO,engine.cycle,"monitored D5: aiming at taught Hz=282.5886 deg, V=99.0675 deg (instrument in same position; prediction within 0.00 deg, ignoring)",
63907,2026-10-03T13:14:50.163Z,INFO,engine.cycle,"monitored D4 measured OK: Hz=282.5750 deg, V=102.6804 deg, dist=57.7729 m",
63906,2026-10-03T13:14:23.077Z,INFO,engine.cycle,"monitored D4: aiming at taught Hz=282.5769 deg, V=102.6815 deg (instrument in same position; prediction within 0.00 deg, ignoring)",
63905,2026-10-03T13:14:23.050Z,INFO,engine.cycle,"monitored D3 measured OK: Hz=282.5952 deg, V=106.1720 deg, dist=58.6921 m",
63904,2026-10-03T13:14:01.260Z,INFO,engine.cycle,"monitored D3: aiming at taught Hz=282.5966 deg, V=106.1704 deg (instrument in same position; prediction within 0.00 deg, ignoring)",
63903,2026-10-03T13:14:01.215Z,INFO,engine.cycle,"monitored D2 measured OK: Hz=282.5807 deg, V=109.5526 deg, dist=59.8189 m",
63902,2026-10-03T13:13:37.359Z,INFO,engine.cycle,"monitored D2: aiming at taught Hz=282.5830 deg, V=109.5526 deg (instrument in same position; prediction within 0.00 deg, ignoring)",
63901,2026-10-03T13:13:37.351Z,INFO,engine.cycle,"monitored D10 measured OK: Hz=282.5247 deg, V=81.8352 deg, dist=56.9440 m",
63900,2026-10-03T13:13:15.735Z,INFO,engine.cycle,"monitored D10: aiming at taught Hz=282.5270 deg, V=81.8354 deg (instrument in same position; prediction within 0.00 deg, ignoring)",
63899,2026-10-03T13:13:15.721Z,WARNING,engine.cycle,monitored D1 measurement failed: TimeoutError: measurement exceeded 30.0s,
63898,2026-10-03T13:12:41.954Z,INFO,engine.cycle,"monitored D1: aiming at taught Hz=282.5952 deg, V=112.8237 deg (instrument in same position; prediction within 0.01 deg, ignoring)",
63897,2026-10-03T13:12:41.924Z,INFO,engine.cycle,"monitored C9 measured OK: Hz=276.0804 deg, V=85.4550 deg, dist=58.6578 m",
63896,2026-10-03T13:12:12.779Z,INFO,engine.cycle,"monitored C9: aiming at taught Hz=276.0825 deg, V=85.4556 deg (instrument in same position; prediction within 0.00 deg, ignoring)",
63895,2026-10-03T13:12:12.748Z,INFO,engine.cycle,"monitored C8 measured OK: Hz=276.0801 deg, V=88.5192 deg, dist=58.4905 m",
63894,2026-10-03T13:11:49.492Z,INFO,engine.cycle,"monitored C8: aiming at taught Hz=276.0820 deg, V=88.5212 deg (instrument in same position; prediction within 0.00 deg, ignoring)",
63893,2026-10-03T13:11:49.476Z,INFO,engine.cycle,"monitored C7 measured OK: Hz=276.0659 deg, V=91.6895 deg, dist=58.5140 m",
63892,2026-10-03T13:11:23.675Z,INFO,engine.cycle,"monitored C7: aiming at taught Hz=276.0680 deg, V=91.6897 deg (instrument in same position; prediction within 0.00 deg, ignoring)",
63891,2026-10-03T13:11:23.649Z,INFO,engine.cycle,"monitored C6 measured OK: Hz=276.0370 deg, V=95.2734 deg, dist=58.7708 m",
63890,2026-10-03T13:11:01.160Z,INFO,engine.cycle,"monitored C6: aiming at taught Hz=276.0386 deg, V=95.2752 deg (instrument in same position; prediction within 0.00 deg, ignoring)",
63889,2026-10-03T13:11:01.152Z,WARNING,engine.cycle,monitored C5 measurement failed: TimeoutError: measurement exceeded 30.0s,
63888,2026-10-03T13:10:28.514Z,INFO,engine.cycle,"monitored C5: aiming at taught Hz=276.0998 deg, V=98.7767 deg (instrument in same position; prediction within 0.00 deg, ignoring)",
63887,2026-10-03T13:10:28.484Z,INFO,engine.cycle,"monitored C4 measured OK: Hz=276.1113 deg, V=102.2940 deg, dist=59.8666 m",
63886,2026-10-03T13:09:59.949Z,INFO,engine.cycle,"monitored C4: aiming at taught Hz=276.1126 deg, V=102.2872 deg (instrument in same position; prediction within 0.00 deg, ignoring)",
63885,2026-10-03T13:09:59.941Z,INFO,engine.cycle,"monitored C3 measured OK: Hz=276.0624 deg, V=105.5072 deg, dist=60.7276 m",
63884,2026-10-03T13:09:35.555Z,INFO,engine.cycle,"monitored C3: aiming at taught Hz=276.0642 deg, V=105.5073 deg (instrument in same position; prediction within 0.00 deg, ignoring)",
63883,2026-10-03T13:09:35.524Z,INFO,engine.cycle,"monitored C2 measured OK: Hz=276.0794 deg, V=108.7133 deg, dist=61.7599 m",
63882,2026-10-03T13:09:12.654Z,INFO,engine.cycle,"monitored C2: aiming at taught Hz=276.0818 deg, V=108.7133 deg (instrument in same position; prediction within 0.00 deg, ignoring)",
63881,2026-10-03T13:09:12.635Z,WARNING,engine.cycle,monitored C10 measurement failed: TimeoutError: measurement exceeded 30.0s,
63880,2026-10-03T13:09:01.106Z,WARNING,instrument.leica,"ATR fine-adjust failed after face change, measuring at the coarse position instead: RPC 9037 (AUT_FineAdjust) failed with GRC 8710",
63879,2026-10-03T13:08:40.371Z,INFO,engine.cycle,"monitored C10: aiming at taught Hz=276.0869 deg, V=82.1138 deg (instrument in same position; prediction within 0.00 deg, ignoring)",
63878,2026-10-03T13:08:40.347Z,INFO,engine.cycle,"monitored C1 measured OK: Hz=276.1414 deg, V=111.9526 deg, dist=63.0481 m",
63877,2026-10-03T13:08:17.016Z,INFO,engine.cycle,"monitored C1: aiming at taught Hz=276.1447 deg, V=111.9553 deg (instrument in same position; prediction within 0.01 deg, ignoring)",
63876,2026-10-03T13:08:17.000Z,INFO,engine.cycle,"monitored B6 measured OK: Hz=270.2439 deg, V=98.2252 deg, dist=61.8229 m",
63875,2026-10-03T13:07:53.965Z,INFO,engine.cycle,"monitored B6: aiming at taught Hz=270.2462 deg, V=98.2256 deg (instrument in same position; prediction within 0.00 deg, ignoring)",
63874,2026-10-03T13:07:53.944Z,INFO,engine.cycle,"monitored B5 measured OK: Hz=270.1420 deg, V=101.5631 deg, dist=62.5219 m",
63873,2026-10-03T13:07:29.874Z,INFO,engine.cycle,"monitored B5: aiming at taught Hz=270.1438 deg, V=101.5646 deg (instrument in same position; prediction within 0.00 deg, ignoring)",
63872,2026-10-03T13:07:29.872Z,WARNING,engine.cycle,"monitored B4 result held as suspect: 3419.4 mm displacement; repeat agrees, awaiting next-cycle confirmation",
63871,2026-10-03T13:07:00.630Z,INFO,engine.cycle,"monitored B4 measured OK: Hz=272.7801 deg, V=105.7058 deg, dist=61.4352 m",
63870,2026-10-03T13:06:34.853Z,INFO,engine.cycle,"monitored B4: aiming at taught Hz=270.2120 deg, V=104.9696 deg (instrument in same position; prediction within 0.01 deg, ignoring)",
63869,2026-10-03T13:06:34.836Z,WARNING,engine.cycle,monitored B2 measurement failed: TimeoutError: measurement exceeded 30.0s,
63868,2026-10-03T13:06:02.660Z,INFO,engine.cycle,"monitored B2: aiming at taught Hz=270.1256 deg, V=107.9635 deg (instrument in same position; prediction within 0.00 deg, ignoring)",
63867,2026-10-03T13:06:02.642Z,WARNING,engine.cycle,monitored B1 measurement failed: TimeoutError: measurement exceeded 30.0s,
63866,2026-10-03T13:05:30.322Z,INFO,engine.cycle,"monitored B1: aiming at predicted Hz=270.1447 deg, V=111.2038 deg (relocation detected; taught was Hz=272.7871 deg, V=111.4976 deg)",
63865,2026-10-03T13:05:30.292Z,INFO,engine.cycle,"monitored A9 measured OK: Hz=264.0525 deg, V=85.7003 deg, dist=65.2227 m",
63864,2026-10-03T13:05:10.523Z,INFO,engine.cycle,"monitored A9: aiming at taught Hz=264.0537 deg, V=85.7045 deg (instrument in same position; prediction within 0.00 deg, ignoring)",
63863,2026-10-03T13:05:10.495Z,INFO,engine.cycle,"monitored A8 measured OK: Hz=264.0268 deg, V=88.4250 deg, dist=65.0796 m",
63862,2026-10-03T13:04:46.609Z,INFO,engine.cycle,"monitored A8: aiming at taught Hz=264.0282 deg, V=88.4229 deg (instrument in same position; prediction within 0.01 deg, ignoring)",
63861,2026-10-03T13:04:46.593Z,INFO,engine.cycle,"monitored A7 measured OK: Hz=263.9740 deg, V=91.1299 deg, dist=65.1195 m",
63860,2026-10-03T13:04:25.412Z,INFO,engine.cycle,"monitored A7: aiming at taught Hz=263.9758 deg, V=91.1184 deg (instrument in same position; prediction within 0.01 deg, ignoring)",
63859,2026-10-03T13:04:25.410Z,WARNING,engine.cycle,monitored A6 measurement failed: GeoComError: RPC 17017 (BAP_MeasDistanceAngle) failed with GRC 8710,
63858,2026-10-03T13:04:23.309Z,WARNING,instrument.leica,"ATR fine-adjust failed, measuring at the coarse taught angle instead: RPC 9037 (AUT_FineAdjust) failed with GRC 8710",
63857,2026-10-03T13:04:00.305Z,INFO,engine.cycle,"monitored A6: aiming at taught Hz=264.0020 deg, V=94.3928 deg (instrument in same position; prediction within 0.01 deg, ignoring)",
63856,2026-10-03T13:04:00.289Z,WARNING,engine.cycle,monitored A5 measurement failed: GeoComError: RPC 17017 (BAP_MeasDistanceAngle) failed with GRC 8710,
63855,2026-10-03T13:03:33.159Z,INFO,engine.cycle,"monitored A5: aiming at predicted Hz=264.0407 deg, V=97.7096 deg (relocation detected; taught was Hz=266.7716 deg, V=99.6868 deg)",
63854,2026-10-03T13:03:33.159Z,INFO,engine.cycle,"monitored A4 measured OK: Hz=264.0201 deg, V=100.7823 deg, dist=66.2345 m",
63853,2026-10-03T13:03:14.145Z,INFO,engine.cycle,"monitored A4: aiming at taught Hz=264.0180 deg, V=100.7820 deg (instrument in same position; prediction within 0.01 deg, ignoring)",
63852,2026-10-03T13:03:14.129Z,WARNING,engine.cycle,monitored A3 measurement failed: GeoComError: RPC 17017 (BAP_MeasDistanceAngle) failed with GRC 8710,
63851,2026-10-03T13:03:06.214Z,WARNING,instrument.leica,"ATR fine-adjust failed, measuring at the coarse taught angle instead: RPC 9037 (AUT_FineAdjust) failed with GRC 8710",
63850,2026-10-03T13:02:49.673Z,INFO,engine.cycle,"monitored A3: aiming at taught Hz=263.9743 deg, V=103.9429 deg (instrument in same position; prediction within 0.00 deg, ignoring)",
63849,2026-10-03T13:02:49.640Z,INFO,engine.cycle,"monitored A2 measured OK: Hz=264.1028 deg, V=107.6148 deg, dist=68.2069 m",
63848,2026-10-03T13:02:29.204Z,INFO,engine.cycle,"monitored A2: aiming at taught Hz=264.1013 deg, V=107.6142 deg (instrument in same position; prediction within 0.01 deg, ignoring)",
63847,2026-10-03T13:02:29.190Z,WARNING,engine.cycle,monitored A1 measurement failed: GeoComError: RPC 17017 (BAP_MeasDistanceAngle) failed with GRC 8710,
63846,2026-10-03T13:02:21.228Z,WARNING,instrument.leica,"ATR fine-adjust failed, measuring at the coarse taught angle instead: RPC 9037 (AUT_FineAdjust) failed with GRC 8710",
63845,2026-10-03T13:02:05.709Z,INFO,engine.cycle,"monitored A1: aiming at taught Hz=264.0097 deg, V=109.8847 deg (instrument in same position; prediction within 0.01 deg, ignoring)",
63844,2026-10-03T13:02:05.709Z,INFO,engine.cycle,"Cycle 209 transform: translation=0.0097 m, rotation=88.7913 deg (large values = instrument relocated)",
63843,2026-10-03T13:02:05.709Z,INFO,engine.cycle,"Cycle 209 per-reference residuals: R1=10.81mm, R2=11.58mm, R3=12.72mm, R4=45.88mm, R5=14.60mm",
63842,2026-10-03T13:02:05.709Z,WARNING,engine.cycle,"Cycle 209 transform solved from 5 ref(s): RMS=23.37 mm -- unusually high, check for a misidentified/garbage ref reading above",
63841,2026-10-03T13:02:05.684Z,INFO,engine.cycle,"ref R5 measured OK: Hz=111.2283 deg, V=92.3154 deg, dist=17.2606 m",
63840,2026-10-03T13:01:44.799Z,INFO,engine.cycle,"ref R5: aiming at taught Hz=111.2299 deg, V=92.3153 deg",
63839,2026-10-03T13:01:44.785Z,INFO,engine.cycle,"ref R4 measured OK: Hz=105.5340 deg, V=88.3389 deg, dist=61.0588 m",
63838,2026-10-03T13:01:17.411Z,INFO,engine.cycle,"ref R4: aiming at taught Hz=105.5366 deg, V=88.3386 deg",
63837,2026-10-03T13:01:17.395Z,INFO,engine.cycle,"ref R3 measured OK: Hz=100.3113 deg, V=90.3944 deg, dist=76.6129 m",
63836,2026-10-03T13:00:47.968Z,INFO,engine.cycle,"ref R3: aiming at taught Hz=100.3133 deg, V=90.3922 deg",
63835,2026-10-03T13:00:47.941Z,INFO,engine.cycle,"ref R2 measured OK: Hz=62.1514 deg, V=89.4324 deg, dist=18.7806 m",
63834,2026-10-03T13:00:20.315Z,INFO,engine.cycle,"ref R2: aiming at taught Hz=62.1541 deg, V=89.4318 deg",
63833,2026-10-03T13:00:20.286Z,INFO,engine.cycle,"ref R1 measured OK: Hz=21.6588 deg, V=91.2767 deg, dist=17.6163 m",
63832,2026-10-03T13:00:00.721Z,INFO,engine.cycle,"ref R1: aiming at taught Hz=21.6612 deg, V=91.2778 deg",
63831,2026-10-03T13:00:00.721Z,INFO,engine.cycle,"Compensator tilt at cycle start: cross=-0.0159 deg (-17.6 mgon), length=-0.0149 deg (-16.6 mgon)",
63830,2026-10-03T13:00:00.670Z,INFO,engine.cycle,"Cycle 209 starting: site='DeVinci-1', 5 ref(s), 49 monitored, faces=2",
63829,2026-10-03T09:23:05.487Z,INFO,api.state,Auto-reconnected via tcp (TM60 0.5 R1000 S/N 966900),
63828,2026-10-03T09:23:05.438Z,INFO,geocom.transport,Connecting TCP 192.168.254.3:1212,
63827,2026-10-03T09:23:04.417Z,INFO,engine.scheduler,Preventive instrument app restart (interval=86400s since last restart),
63826,2026-10-03T09:23:04.406Z,INFO,sync.publisher,"Published 36 message(s), 0 failed, 0 pending",
63825,2026-10-03T09:22:59.361Z,INFO,sync.publisher,MQTT connected to 34.38.96.215:8883,
63824,2026-10-03T09:22:58.132Z,INFO,engine.scheduler,cycle 208 -> ok,
63823,2026-10-03T09:22:54.541Z,INFO,engine.cycle,"Cycle 208 ok: 5 refs, 39 monitored, RMS 23.41 mm",
63822,2026-10-03T09:22:54.522Z,INFO,engine.cycle,"monitored I11 measured OK: Hz=285.2584 deg, V=87.2523 deg, dist=62.8256 m",
63821,2026-10-03T09:22:29.401Z,INFO,engine.cycle,"monitored I11: aiming at taught Hz=285.2535 deg, V=87.2515 deg (instrument in same position; prediction within 0.01 deg, ignoring)",
63820,2026-10-03T09:22:29.378Z,INFO,engine.cycle,"monitored I10 measured OK: Hz=285.2029 deg, V=90.3291 deg, dist=62.7801 m",
63819,2026-10-03T09:22:04.396Z,INFO,engine.cycle,"monitored I10: aiming at taught Hz=285.1981 deg, V=90.3286 deg (instrument in same position; prediction within 0.01 deg, ignoring)",
63818,2026-10-03T09:22:04.384Z,WARNING,engine.cycle,monitored H7 measurement failed: TimeoutError: measurement exceeded 30.0s,
63817,2026-10-03T09:21:32.966Z,INFO,engine.cycle,"monitored H7: aiming at taught Hz=286.0037 deg, V=100.7575 deg (instrument in same position; prediction within 0.01 deg, ignoring)",
63816,2026-10-03T09:21:32.939Z,INFO,engine.cycle,"monitored H6 measured OK: Hz=285.9275 deg, V=104.3601 deg, dist=60.8448 m",
63815,2026-10-03T09:21:10.639Z,INFO,engine.cycle,"monitored H6: aiming at taught Hz=285.9232 deg, V=104.3595 deg (instrument in same position; prediction within 0.01 deg, ignoring)",
63814,2026-10-03T09:21:10.611Z,INFO,engine.cycle,"monitored H13 measured OK: Hz=286.1295 deg, V=80.7780 deg, dist=59.6683 m",
63813,2026-10-03T09:20:45.465Z,INFO,engine.cycle,"monitored H13: aiming at taught Hz=286.1246 deg, V=80.7770 deg (instrument in same position; prediction within 0.01 deg, ignoring)",
63812,2026-10-03T09:20:45.437Z,INFO,engine.cycle,"monitored H11 measured OK: Hz=286.0951 deg, V=87.1169 deg, dist=58.9793 m",
63811,2026-10-03T09:20:23.735Z,INFO,engine.cycle,"monitored H11: aiming at taught Hz=286.0896 deg, V=87.1253 deg (instrument in same position; prediction within 0.01 deg, ignoring)",
63810,2026-10-03T09:20:23.719Z,INFO,engine.cycle,"monitored H10 measured OK: Hz=286.1892 deg, V=90.3029 deg, dist=58.8864 m",
63809,2026-10-03T09:20:00.605Z,INFO,engine.cycle,"monitored H10: aiming at taught Hz=286.1844 deg, V=90.3029 deg (instrument in same position; prediction within 0.01 deg, ignoring)",
63808,2026-10-03T09:20:00.579Z,INFO,engine.cycle,"monitored G11 measured OK: Hz=281.1176 deg, V=87.1392 deg, dist=63.7981 m",
63807,2026-10-03T09:19:38.193Z,INFO,engine.cycle,"monitored G11: aiming at taught Hz=281.1129 deg, V=87.1378 deg (instrument in same position; prediction within 0.01 deg, ignoring)",
63806,2026-10-03T09:19:38.176Z,INFO,engine.cycle,"monitored G10 measured OK: Hz=281.1512 deg, V=90.1405 deg, dist=63.8371 m",
63805,2026-10-03T09:19:14.946Z,INFO,engine.cycle,"monitored G10: aiming at taught Hz=281.1463 deg, V=90.1397 deg (instrument in same position; prediction within 0.01 deg, ignoring)",
63804,2026-10-03T09:19:14.918Z,INFO,engine.cycle,"monitored F11 measured OK: Hz=279.9442 deg, V=87.0916 deg, dist=58.0284 m",
63803,2026-10-03T09:18:49.562Z,INFO,engine.cycle,"monitored F11: aiming at taught Hz=279.9393 deg, V=87.0914 deg (instrument in same position; prediction within 0.01 deg, ignoring)",
63802,2026-10-03T09:18:49.536Z,INFO,engine.cycle,"monitored F10 measured OK: Hz=279.8684 deg, V=90.3092 deg, dist=57.7686 m",
63801,2026-10-03T09:18:26.811Z,INFO,engine.cycle,"monitored F10: aiming at taught Hz=279.8636 deg, V=90.3072 deg (instrument in same position; prediction within 0.01 deg, ignoring)",
63800,2026-10-03T09:18:26.784Z,INFO,engine.cycle,"monitored E7 measured OK: Hz=272.7788 deg, V=100.8029 deg, dist=60.2281 m",
63799,2026-10-03T09:18:02.181Z,INFO,engine.cycle,"monitored E7: aiming at taught Hz=272.7740 deg, V=100.8016 deg (instrument in same position; prediction within 0.01 deg, ignoring)",
63798,2026-10-03T09:18:02.155Z,INFO,engine.cycle,"monitored E6 measured OK: Hz=272.7819 deg, V=105.7062 deg, dist=61.4351 m",
63797,2026-10-03T09:17:39.810Z,INFO,engine.cycle,"monitored E6: aiming at taught Hz=272.7777 deg, V=105.7047 deg (instrument in same position; prediction within 0.01 deg, ignoring)",
63796,2026-10-03T09:17:39.792Z,WARNING,engine.cycle,monitored E5 measurement failed: TimeoutError: measurement exceeded 30.0s,
63795,2026-10-03T09:17:09.545Z,INFO,engine.cycle,"monitored E5: aiming at taught Hz=272.6986 deg, V=108.5303 deg (instrument in same position; prediction within 0.01 deg, ignoring)",
63794,2026-10-03T09:17:09.510Z,INFO,engine.cycle,"monitored E4 measured OK: Hz=272.7871 deg, V=111.4975 deg, dist=63.5639 m",
63793,2026-10-03T09:16:45.567Z,INFO,engine.cycle,"monitored E4: aiming at taught Hz=272.7823 deg, V=111.4958 deg (instrument in same position; prediction within 0.01 deg, ignoring)",
63792,2026-10-03T09:16:45.538Z,INFO,engine.cycle,"monitored D9 measured OK: Hz=282.5690 deg, V=85.1107 deg, dist=56.5698 m",
63791,2026-10-03T09:16:21.661Z,INFO,engine.cycle,"monitored D9: aiming at taught Hz=282.5636 deg, V=85.1115 deg (instrument in same position; prediction within 0.01 deg, ignoring)",
63790,2026-10-03T09:16:21.656Z,WARNING,engine.cycle,monitored D8 measurement failed: TimeoutError: measurement exceeded 30.0s,
63789,2026-10-03T09:15:51.336Z,INFO,engine.cycle,"monitored D8: aiming at taught Hz=282.5849 deg, V=88.3203 deg (instrument in same position; prediction within 0.01 deg, ignoring)",
63788,2026-10-03T09:15:51.319Z,INFO,engine.cycle,"monitored D7 measured OK: Hz=282.5462 deg, V=91.6601 deg, dist=56.3841 m",
63787,2026-10-03T09:15:26.483Z,INFO,engine.cycle,"monitored D7: aiming at taught Hz=282.5414 deg, V=91.6596 deg (instrument in same position; prediction within 0.01 deg, ignoring)",
63786,2026-10-03T09:15:26.467Z,WARNING,engine.cycle,monitored D6 measurement failed: TimeoutError: measurement exceeded 30.0s,
63785,2026-10-03T09:14:55.445Z,INFO,engine.cycle,"monitored D6: aiming at taught Hz=282.5210 deg, V=95.3488 deg (instrument in same position; prediction within 0.01 deg, ignoring)",
63784,2026-10-03T09:14:55.417Z,INFO,engine.cycle,"monitored D5 measured OK: Hz=282.5886 deg, V=99.0675 deg, dist=57.0689 m",
63783,2026-10-03T09:14:28.527Z,INFO,engine.cycle,"monitored D5: aiming at taught Hz=282.5840 deg, V=99.0662 deg (instrument in same position; prediction within 0.01 deg, ignoring)",
63782,2026-10-03T09:14:28.499Z,INFO,engine.cycle,"monitored D4 measured OK: Hz=282.5769 deg, V=102.6815 deg, dist=57.7728 m",
63781,2026-10-03T09:14:04.568Z,INFO,engine.cycle,"monitored D4: aiming at taught Hz=282.5721 deg, V=102.6802 deg (instrument in same position; prediction within 0.01 deg, ignoring)",
63780,2026-10-03T09:14:04.543Z,INFO,engine.cycle,"monitored D3 measured OK: Hz=282.5966 deg, V=106.1704 deg, dist=58.6920 m",
63779,2026-10-03T09:13:38.831Z,INFO,engine.cycle,"monitored D3: aiming at taught Hz=282.5924 deg, V=106.1699 deg (instrument in same position; prediction within 0.01 deg, ignoring)",
63778,2026-10-03T09:13:38.804Z,INFO,engine.cycle,"monitored D2 measured OK: Hz=282.5830 deg, V=109.5526 deg, dist=59.8186 m",
63777,2026-10-03T09:13:13.862Z,INFO,engine.cycle,"monitored D2: aiming at taught Hz=282.5783 deg, V=109.5514 deg (instrument in same position; prediction within 0.01 deg, ignoring)",
63776,2026-10-03T09:13:13.846Z,INFO,engine.cycle,"monitored D10 measured OK: Hz=282.5270 deg, V=81.8354 deg, dist=56.9441 m",
63775,2026-10-03T09:12:47.936Z,INFO,engine.cycle,"monitored D10: aiming at taught Hz=282.5224 deg, V=81.8352 deg (instrument in same position; prediction within 0.01 deg, ignoring)",
63774,2026-10-03T09:12:47.909Z,INFO,engine.cycle,"monitored D1 measured OK: Hz=282.5952 deg, V=112.8237 deg, dist=61.1557 m",
63773,2026-10-03T09:12:25.037Z,INFO,engine.cycle,"monitored D1: aiming at taught Hz=282.5906 deg, V=112.8221 deg (instrument in same position; prediction within 0.01 deg, ignoring)",
63772,2026-10-03T09:12:25.005Z,INFO,engine.cycle,"monitored C9 measured OK: Hz=276.0825 deg, V=85.4556 deg, dist=58.6580 m",
63771,2026-10-03T09:12:03.656Z,INFO,engine.cycle,"monitored C9: aiming at taught Hz=276.0781 deg, V=85.4554 deg (instrument in same position; prediction within 0.01 deg, ignoring)",
63770,2026-10-03T09:12:03.620Z,INFO,engine.cycle,"monitored C8 measured OK: Hz=276.0820 deg, V=88.5212 deg, dist=58.4905 m",
63769,2026-10-03T09:11:41.788Z,INFO,engine.cycle,"monitored C8: aiming at taught Hz=276.0777 deg, V=88.5182 deg (instrument in same position; prediction within 0.01 deg, ignoring)",
63768,2026-10-03T09:11:41.762Z,INFO,engine.cycle,"monitored C7 measured OK: Hz=276.0680 deg, V=91.6897 deg, dist=58.5139 m",
63767,2026-10-03T09:11:20.717Z,INFO,engine.cycle,"monitored C7: aiming at taught Hz=276.0635 deg, V=91.6892 deg (instrument in same position; prediction within 0.01 deg, ignoring)",
63766,2026-10-03T09:11:20.700Z,INFO,engine.cycle,"monitored C6 measured OK: Hz=276.0386 deg, V=95.2752 deg, dist=58.7707 m",
63765,2026-10-03T09:10:59.027Z,INFO,engine.cycle,"monitored C6: aiming at taught Hz=276.0340 deg, V=95.2744 deg (instrument in same position; prediction within 0.01 deg, ignoring)",
63764,2026-10-03T09:10:58.999Z,INFO,engine.cycle,"monitored C5 measured OK: Hz=276.0998 deg, V=98.7767 deg, dist=59.1932 m",
63763,2026-10-03T09:10:37.478Z,INFO,engine.cycle,"monitored C5: aiming at taught Hz=276.0952 deg, V=98.7749 deg (instrument in same position; prediction within 0.01 deg, ignoring)",
63762,2026-10-03T09:10:37.467Z,INFO,engine.cycle,"monitored C4 measured OK: Hz=276.1126 deg, V=102.2872 deg, dist=59.8665 m",
63761,2026-10-03T09:10:16.033Z,INFO,engine.cycle,"monitored C4: aiming at taught Hz=276.1080 deg, V=102.2858 deg (instrument in same position; prediction within 0.01 deg, ignoring)",
63760,2026-10-03T09:10:16.005Z,INFO,engine.cycle,"monitored C3 measured OK: Hz=276.0642 deg, V=105.5073 deg, dist=60.7276 m",
63759,2026-10-03T09:09:52.832Z,INFO,engine.cycle,"monitored C3: aiming at taught Hz=276.0600 deg, V=105.5062 deg (instrument in same position; prediction within 0.01 deg, ignoring)",
63758,2026-10-03T09:09:52.803Z,INFO,engine.cycle,"monitored C2 measured OK: Hz=276.0818 deg, V=108.7133 deg, dist=61.7597 m",
63757,2026-10-03T09:09:23.933Z,INFO,engine.cycle,"monitored C2: aiming at taught Hz=276.0774 deg, V=108.7116 deg (instrument in same position; prediction within 0.01 deg, ignoring)",
63756,2026-10-03T09:09:23.905Z,INFO,engine.cycle,"monitored C10 measured OK: Hz=276.0869 deg, V=82.1138 deg, dist=59.0379 m",
63755,2026-10-03T09:09:00.436Z,INFO,engine.cycle,"monitored C10: aiming at taught Hz=276.0825 deg, V=82.1136 deg (instrument in same position; prediction within 0.01 deg, ignoring)",
63754,2026-10-03T09:09:00.412Z,INFO,engine.cycle,"monitored C1 measured OK: Hz=276.1447 deg, V=111.9553 deg, dist=63.0480 m",
63753,2026-10-03T09:08:36.915Z,INFO,engine.cycle,"monitored C1: aiming at taught Hz=276.1402 deg, V=111.9540 deg (instrument in same position; prediction within 0.01 deg, ignoring)",
63752,2026-10-03T09:08:36.904Z,INFO,engine.cycle,"monitored B6 measured OK: Hz=270.2462 deg, V=98.2256 deg, dist=61.8228 m",
63751,2026-10-03T09:08:13.571Z,INFO,engine.cycle,"monitored B6: aiming at taught Hz=270.2419 deg, V=98.2249 deg (instrument in same position; prediction within 0.01 deg, ignoring)",
63750,2026-10-03T09:08:13.556Z,INFO,engine.cycle,"monitored B5 measured OK: Hz=270.1438 deg, V=101.5646 deg, dist=62.5218 m",
63749,2026-10-03T09:07:52.069Z,INFO,engine.cycle,"monitored B5: aiming at taught Hz=270.1396 deg, V=101.5634 deg (instrument in same position; prediction within 0.01 deg, ignoring)",
63748,2026-10-03T09:07:52.051Z,WARNING,engine.cycle,monitored B4 measurement failed: TimeoutError: measurement exceeded 30.0s,
63747,2026-10-03T09:07:19.352Z,INFO,engine.cycle,"monitored B4: aiming at taught Hz=270.2120 deg, V=104.9696 deg (instrument in same position; prediction within 0.01 deg, ignoring)",
63746,2026-10-03T09:07:19.325Z,INFO,engine.cycle,"monitored B2 measured OK: Hz=270.1256 deg, V=107.9635 deg, dist=64.3958 m",
63745,2026-10-03T09:06:56.576Z,INFO,engine.cycle,"monitored B2: aiming at taught Hz=270.1210 deg, V=107.9619 deg (instrument in same position; prediction within 0.01 deg, ignoring)",
63744,2026-10-03T09:06:56.563Z,WARNING,engine.cycle,monitored B1 result held as suspect: 3519.0 mm displacement; differs from prior candidate by 3.0 mm,
63743,2026-10-03T09:06:33.894Z,INFO,engine.cycle,"monitored B1 measured OK: Hz=272.7871 deg, V=111.4976 deg, dist=63.5641 m",
63742,2026-10-03T09:06:11.320Z,INFO,engine.cycle,"monitored B1: aiming at predicted Hz=270.1479 deg, V=111.2077 deg (relocation detected; taught was Hz=272.7824 deg, V=111.4959 deg)",
63741,2026-10-03T09:06:11.312Z,INFO,engine.cycle,"monitored A9 measured OK: Hz=264.0537 deg, V=85.7045 deg, dist=65.2227 m",
63740,2026-10-03T09:05:50.482Z,INFO,engine.cycle,"monitored A9: aiming at taught Hz=264.0507 deg, V=85.7000 deg (instrument in same position; prediction within 0.01 deg, ignoring)",
63739,2026-10-03T09:05:50.471Z,INFO,engine.cycle,"monitored A8 measured OK: Hz=264.0282 deg, V=88.4229 deg, dist=65.0795 m",
63738,2026-10-03T09:05:27.326Z,INFO,engine.cycle,"monitored A8: aiming at taught Hz=264.0247 deg, V=88.4258 deg (instrument in same position; prediction within 0.01 deg, ignoring)",
63737,2026-10-03T09:05:27.316Z,WARNING,engine.cycle,monitored A7 result held as suspect: 21.0 mm displacement; repeat differs by 11.7 mm,
63736,2026-10-03T09:05:03.377Z,INFO,engine.cycle,"monitored A7 measured OK: Hz=263.9758 deg, V=91.1184 deg, dist=65.1197 m",
63735,2026-10-03T09:04:43.976Z,INFO,engine.cycle,"monitored A7: aiming at taught Hz=263.9716 deg, V=91.1296 deg (instrument in same position; prediction within 0.01 deg, ignoring)",
63734,2026-10-03T09:04:43.962Z,WARNING,engine.cycle,monitored A6 measurement failed: GeoComError: RPC 17017 (BAP_MeasDistanceAngle) failed with GRC 8710,
63733,2026-10-03T09:04:36.043Z,WARNING,instrument.leica,"ATR fine-adjust failed, measuring at the coarse taught angle instead: RPC 9037 (AUT_FineAdjust) failed with GRC 8710",
63732,2026-10-03T09:04:19.362Z,INFO,engine.cycle,"monitored A6: aiming at taught Hz=264.0020 deg, V=94.3928 deg (instrument in same position; prediction within 0.01 deg, ignoring)",
63731,2026-10-03T09:04:19.353Z,WARNING,engine.cycle,monitored A5 result held as suspect: 7225.7 mm displacement; differs from prior candidate by 3642.7 mm,
63730,2026-10-03T09:03:52.245Z,INFO,engine.cycle,"monitored A5 measured OK: Hz=266.7716 deg, V=99.6868 deg, dist=71.6815 m",
63729,2026-10-03T09:03:26.565Z,INFO,engine.cycle,"monitored A5: aiming at taught Hz=265.4000 deg, V=98.6966 deg (instrument in same position; prediction within 1.36 deg, ignoring)",
63728,2026-10-03T09:03:26.549Z,WARNING,engine.cycle,monitored A4 measurement failed: GeoComError: RPC 17017 (BAP_MeasDistanceAngle) failed with GRC 8710,
63727,2026-10-03T09:03:16.976Z,INFO,engine.cycle,"monitored A4: aiming at taught Hz=264.0180 deg, V=100.7820 deg (instrument in same position; prediction within 0.01 deg, ignoring)",
63726,2026-10-03T09:03:16.954Z,WARNING,engine.cycle,monitored A3 measurement failed: GeoComError: RPC 17017 (BAP_MeasDistanceAngle) failed with GRC 8710,
63725,2026-10-03T09:03:09.045Z,WARNING,instrument.leica,"ATR fine-adjust failed, measuring at the coarse taught angle instead: RPC 9037 (AUT_FineAdjust) failed with GRC 8710",
63724,2026-10-03T09:02:54.604Z,INFO,engine.cycle,"monitored A3: aiming at taught Hz=263.9743 deg, V=103.9429 deg (instrument in same position; prediction within 0.01 deg, ignoring)",
63723,2026-10-03T09:02:54.590Z,WARNING,engine.cycle,monitored A2 measurement failed: TimeoutError: measurement exceeded 30.0s,
63722,2026-10-03T09:02:36.762Z,WARNING,instrument.leica,"ATR fine-adjust failed, measuring at the coarse taught angle instead: RPC 9037 (AUT_FineAdjust) failed with GRC 8710",
63721,2026-10-03T09:02:20.365Z,INFO,engine.cycle,"monitored A2: aiming at taught Hz=264.1013 deg, V=107.6142 deg (instrument in same position; prediction within 0.01 deg, ignoring)",
63720,2026-10-03T09:02:20.351Z,WARNING,engine.cycle,monitored A1 measurement failed: GeoComError: RPC 17017 (BAP_MeasDistanceAngle) failed with GRC 8710,
63719,2026-10-03T09:02:12.377Z,WARNING,instrument.leica,"ATR fine-adjust failed, measuring at the coarse taught angle instead: RPC 9037 (AUT_FineAdjust) failed with GRC 8710",
63718,2026-10-03T09:01:53.762Z,INFO,engine.cycle,"monitored A1: aiming at taught Hz=264.0097 deg, V=109.8847 deg (instrument in same position; prediction within 0.01 deg, ignoring)",
63717,2026-10-03T09:01:53.762Z,INFO,engine.cycle,"Cycle 208 transform: translation=0.0102 m, rotation=88.7935 deg (large values = instrument relocated)",
63716,2026-10-03T09:01:53.762Z,INFO,engine.cycle,"Cycle 208 per-reference residuals: R1=11.01mm, R2=11.86mm, R3=12.42mm, R4=45.92mm, R5=14.64mm",
63715,2026-10-03T09:01:53.762Z,WARNING,engine.cycle,"Cycle 208 transform solved from 5 ref(s): RMS=23.41 mm -- unusually high, check for a misidentified/garbage ref reading above",
63714,2026-10-03T09:01:53.741Z,INFO,engine.cycle,"ref R5 measured OK: Hz=111.2299 deg, V=92.3153 deg, dist=17.2606 m",
63713,2026-10-03T09:01:32.914Z,INFO,engine.cycle,"ref R5: aiming at taught Hz=111.2248 deg, V=92.3165 deg",
63712,2026-10-03T09:01:32.894Z,INFO,engine.cycle,"ref R4 measured OK: Hz=105.5366 deg, V=88.3386 deg, dist=61.0588 m",
63711,2026-10-03T09:01:10.173Z,INFO,engine.cycle,"ref R4: aiming at taught Hz=105.5324 deg, V=88.3383 deg",
63710,2026-10-03T09:01:10.157Z,INFO,engine.cycle,"ref R3 measured OK: Hz=100.3133 deg, V=90.3922 deg, dist=76.6124 m",
63709,2026-10-03T09:00:46.161Z,INFO,engine.cycle,"ref R3: aiming at taught Hz=100.3093 deg, V=90.3925 deg",
63708,2026-10-03T09:00:46.139Z,INFO,engine.cycle,"ref R2 measured OK: Hz=62.1541 deg, V=89.4318 deg, dist=18.7809 m",
63707,2026-10-03T09:00:23.816Z,INFO,engine.cycle,"ref R2: aiming at taught Hz=62.1474 deg, V=89.4302 deg",
63706,2026-10-03T09:00:23.794Z,INFO,engine.cycle,"ref R1 measured OK: Hz=21.6612 deg, V=91.2778 deg, dist=17.6162 m",
63705,2026-10-03T09:00:00.477Z,INFO,engine.cycle,"ref R1: aiming at taught Hz=21.6545 deg, V=91.2768 deg",
63704,2026-10-03T09:00:00.476Z,INFO,engine.cycle,"Compensator tilt at cycle start: cross=-0.0138 deg (-15.3 mgon), length=-0.0100 deg (-11.2 mgon)",
63703,2026-10-03T09:00:00.434Z,INFO,engine.cycle,"Cycle 208 starting: site='DeVinci-1', 5 ref(s), 49 monitored, faces=2",
63702,2026-10-03T05:19:31.671Z,INFO,sync.publisher,"Published 42 message(s), 0 failed, 0 pending",
63701,2026-10-03T05:19:26.070Z,INFO,sync.publisher,MQTT connected to 34.38.96.215:8883,
63700,2026-10-03T05:19:24.840Z,INFO,engine.scheduler,cycle 207 -> ok,
63699,2026-10-03T05:19:21.919Z,INFO,engine.cycle,"Cycle 207 ok: 5 refs, 43 monitored, RMS 23.42 mm",
63698,2026-10-03T05:19:21.893Z,INFO,engine.cycle,"monitored I11 measured OK: Hz=285.2535 deg, V=87.2515 deg, dist=62.8268 m",
63697,2026-10-03T05:19:01.989Z,INFO,engine.cycle,"monitored I11: aiming at taught Hz=285.2540 deg, V=87.2519 deg (instrument in same position; prediction within 0.00 deg, ignoring)",
63696,2026-10-03T05:19:01.987Z,INFO,engine.cycle,"monitored I10 measured OK: Hz=285.1981 deg, V=90.3286 deg, dist=62.7814 m",
63695,2026-10-03T05:18:41.458Z,INFO,engine.cycle,"monitored I10: aiming at taught Hz=285.1985 deg, V=90.3288 deg (instrument in same position; prediction within 0.00 deg, ignoring)",
63694,2026-10-03T05:18:41.432Z,INFO,engine.cycle,"monitored H7 measured OK: Hz=286.0037 deg, V=100.7575 deg, dist=59.9811 m",
63693,2026-10-03T05:18:20.350Z,INFO,engine.cycle,"monitored H7: aiming at taught Hz=286.0040 deg, V=100.7578 deg (instrument in same position; prediction within 0.00 deg, ignoring)",
63692,2026-10-03T05:18:20.336Z,INFO,engine.cycle,"monitored H6 measured OK: Hz=285.9232 deg, V=104.3595 deg, dist=60.8459 m",
63691,2026-10-03T05:17:58.630Z,INFO,engine.cycle,"monitored H6: aiming at taught Hz=285.9236 deg, V=104.3597 deg (instrument in same position; prediction within 0.01 deg, ignoring)",
63690,2026-10-03T05:17:58.604Z,INFO,engine.cycle,"monitored H13 measured OK: Hz=286.1246 deg, V=80.7770 deg, dist=59.6698 m",
63689,2026-10-03T05:17:37.708Z,INFO,engine.cycle,"monitored H13: aiming at taught Hz=286.1251 deg, V=80.7774 deg (instrument in same position; prediction within 0.00 deg, ignoring)",
63688,2026-10-03T05:17:37.680Z,INFO,engine.cycle,"monitored H11 measured OK: Hz=286.0896 deg, V=87.1253 deg, dist=58.9808 m",
63687,2026-10-03T05:17:17.655Z,INFO,engine.cycle,"monitored H11: aiming at taught Hz=286.0905 deg, V=87.1256 deg (instrument in same position; prediction within 0.00 deg, ignoring)",
63686,2026-10-03T05:17:17.627Z,INFO,engine.cycle,"monitored H10 measured OK: Hz=286.1844 deg, V=90.3029 deg, dist=58.8877 m",
63685,2026-10-03T05:16:58.030Z,INFO,engine.cycle,"monitored H10: aiming at taught Hz=286.1846 deg, V=90.3026 deg (instrument in same position; prediction within 0.00 deg, ignoring)",
63684,2026-10-03T05:16:58.002Z,INFO,engine.cycle,"monitored G11 measured OK: Hz=281.1129 deg, V=87.1378 deg, dist=63.7996 m",
63683,2026-10-03T05:16:36.899Z,INFO,engine.cycle,"monitored G11: aiming at taught Hz=281.1133 deg, V=87.1379 deg (instrument in same position; prediction within 0.00 deg, ignoring)",
63682,2026-10-03T05:16:36.871Z,INFO,engine.cycle,"monitored G10 measured OK: Hz=281.1463 deg, V=90.1397 deg, dist=63.8385 m",
63681,2026-10-03T05:16:17.018Z,INFO,engine.cycle,"monitored G10: aiming at taught Hz=281.1469 deg, V=90.1401 deg (instrument in same position; prediction within 0.00 deg, ignoring)",
63680,2026-10-03T05:16:17.001Z,INFO,engine.cycle,"monitored F11 measured OK: Hz=279.9393 deg, V=87.0914 deg, dist=58.0296 m",
63679,2026-10-03T05:15:56.355Z,INFO,engine.cycle,"monitored F11: aiming at taught Hz=279.9395 deg, V=87.0919 deg (instrument in same position; prediction within 0.00 deg, ignoring)",
63678,2026-10-03T05:15:56.327Z,INFO,engine.cycle,"monitored F10 measured OK: Hz=279.8636 deg, V=90.3072 deg, dist=57.7698 m",
63677,2026-10-03T05:15:35.510Z,INFO,engine.cycle,"monitored F10: aiming at taught Hz=279.8639 deg, V=90.3072 deg (instrument in same position; prediction within 0.00 deg, ignoring)",
63676,2026-10-03T05:15:35.483Z,INFO,engine.cycle,"monitored E7 measured OK: Hz=272.7740 deg, V=100.8016 deg, dist=60.2292 m",
63675,2026-10-03T05:15:13.677Z,INFO,engine.cycle,"monitored E7: aiming at taught Hz=272.7746 deg, V=100.8017 deg (instrument in same position; prediction within 0.01 deg, ignoring)",
63674,2026-10-03T05:15:13.663Z,INFO,engine.cycle,"monitored E6 measured OK: Hz=272.7777 deg, V=105.7047 deg, dist=61.4362 m",
63673,2026-10-03T05:14:52.354Z,INFO,engine.cycle,"monitored E6: aiming at taught Hz=272.7783 deg, V=105.7055 deg (instrument in same position; prediction within 0.01 deg, ignoring)",
63672,2026-10-03T05:14:52.326Z,INFO,engine.cycle,"monitored E5 measured OK: Hz=272.6986 deg, V=108.5303 deg, dist=62.4153 m",
63671,2026-10-03T05:14:30.926Z,INFO,engine.cycle,"monitored E5: aiming at taught Hz=272.6988 deg, V=108.5310 deg (instrument in same position; prediction within 0.01 deg, ignoring)",
63670,2026-10-03T05:14:30.898Z,INFO,engine.cycle,"monitored E4 measured OK: Hz=272.7823 deg, V=111.4958 deg, dist=63.5649 m",
63669,2026-10-03T05:14:08.912Z,INFO,engine.cycle,"monitored E4: aiming at taught Hz=272.7827 deg, V=111.4959 deg (instrument in same position; prediction within 0.01 deg, ignoring)",
63668,2026-10-03T05:14:08.887Z,INFO,engine.cycle,"monitored D9 measured OK: Hz=282.5636 deg, V=85.1115 deg, dist=56.5712 m",
63667,2026-10-03T05:13:48.392Z,INFO,engine.cycle,"monitored D9: aiming at taught Hz=282.5642 deg, V=85.1122 deg (instrument in same position; prediction within 0.00 deg, ignoring)",
63666,2026-10-03T05:13:48.364Z,INFO,engine.cycle,"monitored D8 measured OK: Hz=282.5849 deg, V=88.3203 deg, dist=56.3774 m",
63665,2026-10-03T05:13:28.700Z,INFO,engine.cycle,"monitored D8: aiming at taught Hz=282.5853 deg, V=88.3206 deg (instrument in same position; prediction within 0.00 deg, ignoring)",
63664,2026-10-03T05:13:28.671Z,INFO,engine.cycle,"monitored D7 measured OK: Hz=282.5414 deg, V=91.6596 deg, dist=56.3854 m",
63663,2026-10-03T05:13:06.679Z,INFO,engine.cycle,"monitored D7: aiming at taught Hz=282.5416 deg, V=91.6598 deg (instrument in same position; prediction within 0.00 deg, ignoring)",
63662,2026-10-03T05:13:06.650Z,INFO,engine.cycle,"monitored D6 measured OK: Hz=282.5210 deg, V=95.3488 deg, dist=56.6276 m",
63661,2026-10-03T05:12:46.764Z,INFO,engine.cycle,"monitored D6: aiming at taught Hz=282.5212 deg, V=95.3488 deg (instrument in same position; prediction within 0.01 deg, ignoring)",
63660,2026-10-03T05:12:46.752Z,INFO,engine.cycle,"monitored D5 measured OK: Hz=282.5840 deg, V=99.0662 deg, dist=57.0705 m",
63659,2026-10-03T05:12:25.987Z,INFO,engine.cycle,"monitored D5: aiming at taught Hz=282.5843 deg, V=99.0664 deg (instrument in same position; prediction within 0.01 deg, ignoring)",
63658,2026-10-03T05:12:25.971Z,INFO,engine.cycle,"monitored D4 measured OK: Hz=282.5721 deg, V=102.6802 deg, dist=57.7742 m",
63657,2026-10-03T05:12:04.739Z,INFO,engine.cycle,"monitored D4: aiming at taught Hz=282.5725 deg, V=102.6805 deg (instrument in same position; prediction within 0.01 deg, ignoring)",
63656,2026-10-03T05:12:04.726Z,INFO,engine.cycle,"monitored D3 measured OK: Hz=282.5924 deg, V=106.1699 deg, dist=58.6932 m",
63655,2026-10-03T05:11:43.444Z,INFO,engine.cycle,"monitored D3: aiming at taught Hz=282.5929 deg, V=106.1707 deg (instrument in same position; prediction within 0.01 deg, ignoring)",
63654,2026-10-03T05:11:43.417Z,INFO,engine.cycle,"monitored D2 measured OK: Hz=282.5783 deg, V=109.5514 deg, dist=59.8199 m",
63653,2026-10-03T05:11:22.643Z,INFO,engine.cycle,"monitored D2: aiming at taught Hz=282.5786 deg, V=109.5515 deg (instrument in same position; prediction within 0.01 deg, ignoring)",
63652,2026-10-03T05:11:22.611Z,INFO,engine.cycle,"monitored D10 measured OK: Hz=282.5224 deg, V=81.8352 deg, dist=56.9454 m",
63651,2026-10-03T05:11:01.603Z,INFO,engine.cycle,"monitored D10: aiming at taught Hz=282.5228 deg, V=81.8354 deg (instrument in same position; prediction within 0.01 deg, ignoring)",
63650,2026-10-03T05:11:01.576Z,INFO,engine.cycle,"monitored D1 measured OK: Hz=282.5906 deg, V=112.8221 deg, dist=61.1568 m",
63649,2026-10-03T05:10:40.277Z,INFO,engine.cycle,"monitored D1: aiming at taught Hz=282.5910 deg, V=112.8223 deg (instrument in same position; prediction within 0.01 deg, ignoring)",
63648,2026-10-03T05:10:40.262Z,INFO,engine.cycle,"monitored C9 measured OK: Hz=276.0781 deg, V=85.4554 deg, dist=58.6592 m",
63647,2026-10-03T05:10:18.890Z,INFO,engine.cycle,"monitored C9: aiming at taught Hz=276.0784 deg, V=85.4557 deg (instrument in same position; prediction within 0.01 deg, ignoring)",
63646,2026-10-03T05:10:18.862Z,INFO,engine.cycle,"monitored C8 measured OK: Hz=276.0777 deg, V=88.5182 deg, dist=58.4916 m",
63645,2026-10-03T05:09:57.982Z,INFO,engine.cycle,"monitored C8: aiming at taught Hz=276.0782 deg, V=88.5183 deg (instrument in same position; prediction within 0.01 deg, ignoring)",
63644,2026-10-03T05:09:57.954Z,INFO,engine.cycle,"monitored C7 measured OK: Hz=276.0635 deg, V=91.6892 deg, dist=58.5151 m",
63643,2026-10-03T05:09:37.685Z,INFO,engine.cycle,"monitored C7: aiming at taught Hz=276.0637 deg, V=91.6893 deg (instrument in same position; prediction within 0.01 deg, ignoring)",
63642,2026-10-03T05:09:37.658Z,INFO,engine.cycle,"monitored C6 measured OK: Hz=276.0340 deg, V=95.2744 deg, dist=58.7719 m",
63641,2026-10-03T05:09:16.447Z,INFO,engine.cycle,"monitored C6: aiming at taught Hz=276.0347 deg, V=95.2745 deg (instrument in same position; prediction within 0.01 deg, ignoring)",
63640,2026-10-03T05:09:16.418Z,INFO,engine.cycle,"monitored C5 measured OK: Hz=276.0952 deg, V=98.7749 deg, dist=59.1945 m",
63639,2026-10-03T05:08:55.989Z,INFO,engine.cycle,"monitored C5: aiming at taught Hz=276.0957 deg, V=98.7754 deg (instrument in same position; prediction within 0.01 deg, ignoring)",
63638,2026-10-03T05:08:55.960Z,INFO,engine.cycle,"monitored C4 measured OK: Hz=276.1080 deg, V=102.2858 deg, dist=59.8678 m",
63637,2026-10-03T05:08:34.871Z,INFO,engine.cycle,"monitored C4: aiming at taught Hz=276.1080 deg, V=102.2862 deg (instrument in same position; prediction within 0.01 deg, ignoring)",
63636,2026-10-03T05:08:34.851Z,INFO,engine.cycle,"monitored C3 measured OK: Hz=276.0600 deg, V=105.5062 deg, dist=60.7289 m",
63635,2026-10-03T05:08:13.908Z,INFO,engine.cycle,"monitored C3: aiming at taught Hz=276.0602 deg, V=105.5067 deg (instrument in same position; prediction within 0.01 deg, ignoring)",
63634,2026-10-03T05:08:13.883Z,INFO,engine.cycle,"monitored C2 measured OK: Hz=276.0774 deg, V=108.7116 deg, dist=61.7608 m",
63633,2026-10-03T05:07:51.986Z,INFO,engine.cycle,"monitored C2: aiming at taught Hz=276.0776 deg, V=108.7118 deg (instrument in same position; prediction within 0.01 deg, ignoring)",
63632,2026-10-03T05:07:51.959Z,INFO,engine.cycle,"monitored C10 measured OK: Hz=276.0825 deg, V=82.1136 deg, dist=59.0394 m",
63631,2026-10-03T05:07:30.493Z,INFO,engine.cycle,"monitored C10: aiming at taught Hz=276.0823 deg, V=82.1142 deg (instrument in same position; prediction within 0.01 deg, ignoring)",
63630,2026-10-03T05:07:30.469Z,INFO,engine.cycle,"monitored C1 measured OK: Hz=276.1402 deg, V=111.9540 deg, dist=63.0490 m",
63629,2026-10-03T05:07:09.440Z,INFO,engine.cycle,"monitored C1: aiming at taught Hz=276.1406 deg, V=111.9542 deg (instrument in same position; prediction within 0.01 deg, ignoring)",
63628,2026-10-03T05:07:09.409Z,INFO,engine.cycle,"monitored B6 measured OK: Hz=270.2419 deg, V=98.2249 deg, dist=61.8241 m",
63627,2026-10-03T05:06:48.196Z,INFO,engine.cycle,"monitored B6: aiming at taught Hz=270.2421 deg, V=98.2250 deg (instrument in same position; prediction within 0.01 deg, ignoring)",
63626,2026-10-03T05:06:48.169Z,INFO,engine.cycle,"monitored B5 measured OK: Hz=270.1396 deg, V=101.5634 deg, dist=62.5230 m",
63625,2026-10-03T05:06:26.663Z,INFO,engine.cycle,"monitored B5: aiming at taught Hz=270.1400 deg, V=101.5635 deg (instrument in same position; prediction within 0.01 deg, ignoring)",
63624,2026-10-03T05:06:26.650Z,WARNING,engine.cycle,monitored B4 measurement failed: GeoComError: RPC 17017 (BAP_MeasDistanceAngle) failed with GRC 8710,
63623,2026-10-03T05:06:08.559Z,INFO,engine.cycle,"monitored B4: aiming at taught Hz=270.2120 deg, V=104.9696 deg (instrument in same position; prediction within 0.01 deg, ignoring)",
63622,2026-10-03T05:06:08.532Z,INFO,engine.cycle,"monitored B2 measured OK: Hz=270.1210 deg, V=107.9619 deg, dist=64.3970 m",
63621,2026-10-03T05:05:49.239Z,INFO,engine.cycle,"monitored B2: aiming at taught Hz=270.1215 deg, V=107.9621 deg (instrument in same position; prediction within 0.01 deg, ignoring)",
63620,2026-10-03T05:05:49.220Z,WARNING,engine.cycle,monitored B1 measurement failed: GeoComError: RPC 17017 (BAP_MeasDistanceAngle) failed with GRC 8710,
63619,2026-10-03T05:05:34.710Z,INFO,engine.cycle,"monitored B1: aiming at predicted Hz=270.1444 deg, V=111.2076 deg (relocation detected; taught was Hz=272.7824 deg, V=111.4959 deg)",
63618,2026-10-03T05:05:34.679Z,INFO,engine.cycle,"monitored A9 measured OK: Hz=264.0507 deg, V=85.7000 deg, dist=65.2241 m",
63617,2026-10-03T05:05:15.208Z,INFO,engine.cycle,"monitored A9: aiming at taught Hz=264.0507 deg, V=85.6998 deg (instrument in same position; prediction within 0.01 deg, ignoring)",
63616,2026-10-03T05:05:15.180Z,INFO,engine.cycle,"monitored A8 measured OK: Hz=264.0247 deg, V=88.4258 deg, dist=65.0807 m",
63615,2026-10-03T05:04:53.539Z,INFO,engine.cycle,"monitored A8: aiming at taught Hz=264.0248 deg, V=88.4257 deg (instrument in same position; prediction within 0.01 deg, ignoring)",
63614,2026-10-03T05:04:53.511Z,INFO,engine.cycle,"monitored A7 measured OK: Hz=263.9716 deg, V=91.1296 deg, dist=65.1208 m",
63613,2026-10-03T05:04:34.168Z,INFO,engine.cycle,"monitored A7: aiming at taught Hz=263.9719 deg, V=91.1298 deg (instrument in same position; prediction within 0.01 deg, ignoring)",
63612,2026-10-03T05:04:34.159Z,WARNING,engine.cycle,monitored A6 measurement failed: GeoComError: RPC 17017 (BAP_MeasDistanceAngle) failed with GRC 8710,
63611,2026-10-03T05:04:26.192Z,WARNING,instrument.leica,"ATR fine-adjust failed, measuring at the coarse taught angle instead: RPC 9037 (AUT_FineAdjust) failed with GRC 8710",
63610,2026-10-03T05:04:09.719Z,INFO,engine.cycle,"monitored A6: aiming at taught Hz=264.0020 deg, V=94.3928 deg (instrument in same position; prediction within 0.01 deg, ignoring)",
63609,2026-10-03T05:04:09.703Z,WARNING,engine.cycle,monitored A5 result held as suspect: 3585.4 mm displacement; repeat failed: measurement exceeded 30.0s,
63608,2026-10-03T05:03:39.590Z,INFO,engine.cycle,"monitored A5 measured OK: Hz=265.4000 deg, V=98.6966 deg, dist=68.6715 m",
63607,2026-10-03T05:03:10.228Z,INFO,engine.cycle,"monitored A5: aiming at predicted Hz=264.0395 deg, V=97.7140 deg (relocation detected; taught was Hz=266.7676 deg, V=99.6853 deg)",
63606,2026-10-03T05:03:10.200Z,INFO,engine.cycle,"monitored A4 measured OK: Hz=264.0180 deg, V=100.7820 deg, dist=66.2357 m",
63605,2026-10-03T05:02:50.353Z,INFO,engine.cycle,"monitored A4: aiming at taught Hz=264.0182 deg, V=100.7820 deg (instrument in same position; prediction within 0.01 deg, ignoring)",
63604,2026-10-03T05:02:50.338Z,WARNING,engine.cycle,monitored A3 measurement failed: GeoComError: RPC 17017 (BAP_MeasDistanceAngle) failed with GRC 8710,
63603,2026-10-03T05:02:42.407Z,WARNING,instrument.leica,"ATR fine-adjust failed, measuring at the coarse taught angle instead: RPC 9037 (AUT_FineAdjust) failed with GRC 8710",
63602,2026-10-03T05:02:25.763Z,INFO,engine.cycle,"monitored A3: aiming at taught Hz=263.9743 deg, V=103.9429 deg (instrument in same position; prediction within 0.01 deg, ignoring)",
63601,2026-10-03T05:02:25.748Z,WARNING,engine.cycle,monitored A2 measurement failed: GeoComError: RPC 17017 (BAP_MeasDistanceAngle) failed with GRC 8710,
63600,2026-10-03T05:02:17.801Z,WARNING,instrument.leica,"ATR fine-adjust failed after face change, measuring at the coarse position instead: RPC 9037 (AUT_FineAdjust) failed with GRC 8710",
63599,2026-10-03T05:02:04.092Z,INFO,engine.cycle,"monitored A2: aiming at taught Hz=264.1013 deg, V=107.6142 deg (instrument in same position; prediction within 0.01 deg, ignoring)",
63598,2026-10-03T05:02:04.075Z,WARNING,engine.cycle,monitored A1 measurement failed: GeoComError: RPC 17017 (BAP_MeasDistanceAngle) failed with GRC 8710,
63597,2026-10-03T05:01:56.045Z,WARNING,instrument.leica,"ATR fine-adjust failed, measuring at the coarse taught angle instead: RPC 9037 (AUT_FineAdjust) failed with GRC 8710",
63596,2026-10-03T05:01:41.024Z,INFO,engine.cycle,"monitored A1: aiming at taught Hz=264.0097 deg, V=109.8847 deg (instrument in same position; prediction within 0.01 deg, ignoring)",
63595,2026-10-03T05:01:41.016Z,INFO,engine.cycle,"Cycle 207 transform: translation=0.0109 m, rotation=88.7894 deg (large values = instrument relocated)",
63594,2026-10-03T05:01:41.016Z,INFO,engine.cycle,"Cycle 207 per-reference residuals: R1=11.17mm, R2=11.85mm, R3=12.28mm, R4=45.90mm, R5=14.77mm",
63593,2026-10-03T05:01:41.016Z,WARNING,engine.cycle,"Cycle 207 transform solved from 5 ref(s): RMS=23.42 mm -- unusually high, check for a misidentified/garbage ref reading above",
63592,2026-10-03T05:01:40.992Z,INFO,engine.cycle,"ref R5 measured OK: Hz=111.2248 deg, V=92.3165 deg, dist=17.2599 m",
63591,2026-10-03T05:01:21.126Z,INFO,engine.cycle,"ref R5: aiming at taught Hz=111.2256 deg, V=92.3160 deg",
63590,2026-10-03T05:01:21.123Z,INFO,engine.cycle,"ref R4 measured OK: Hz=105.5324 deg, V=88.3383 deg, dist=61.0579 m",
63589,2026-10-03T05:01:01.026Z,INFO,engine.cycle,"ref R4: aiming at taught Hz=105.5329 deg, V=88.3379 deg",
63588,2026-10-03T05:01:01.012Z,INFO,engine.cycle,"ref R3 measured OK: Hz=100.3093 deg, V=90.3925 deg, dist=76.6114 m",
63587,2026-10-03T05:00:39.455Z,INFO,engine.cycle,"ref R3: aiming at taught Hz=100.3096 deg, V=90.3919 deg",
63586,2026-10-03T05:00:39.432Z,INFO,engine.cycle,"ref R2 measured OK: Hz=62.1474 deg, V=89.4302 deg, dist=18.7803 m",
63585,2026-10-03T05:00:19.567Z,INFO,engine.cycle,"ref R2: aiming at taught Hz=62.1482 deg, V=89.4300 deg",
63584,2026-10-03T05:00:19.545Z,INFO,engine.cycle,"ref R1 measured OK: Hz=21.6545 deg, V=91.2768 deg, dist=17.6156 m",
63583,2026-10-03T05:00:00.879Z,INFO,engine.cycle,"ref R1: aiming at taught Hz=21.6553 deg, V=91.2767 deg",
63582,2026-10-03T05:00:00.879Z,INFO,engine.cycle,"Compensator tilt at cycle start: cross=-0.0077 deg (-8.6 mgon), length=-0.0085 deg (-9.4 mgon)",
63581,2026-10-03T05:00:00.848Z,INFO,engine.cycle,"Cycle 207 starting: site='DeVinci-1', 5 ref(s), 49 monitored, faces=2",
63580,2026-10-03T01:19:55.585Z,INFO,sync.publisher,"Published 43 message(s), 0 failed, 0 pending",
63579,2026-10-03T01:19:49.975Z,INFO,sync.publisher,MQTT connected to 34.38.96.215:8883,
63578,2026-10-03T01:19:48.717Z,INFO,engine.scheduler,cycle 206 -> ok,
63577,2026-10-03T01:19:46.029Z,INFO,engine.cycle,"Cycle 206 ok: 5 refs, 45 monitored, RMS 23.40 mm",
63576,2026-10-03T01:19:45.995Z,INFO,engine.cycle,"monitored I11 measured OK: Hz=285.2540 deg, V=87.2519 deg, dist=62.8267 m",
63575,2026-10-03T01:19:25.989Z,INFO,engine.cycle,"monitored I11: aiming at taught Hz=285.2542 deg, V=87.2519 deg (instrument in same position; prediction within 0.00 deg, ignoring)",
63574,2026-10-03T01:19:25.962Z,INFO,engine.cycle,"monitored I10 measured OK: Hz=285.1985 deg, V=90.3288 deg, dist=62.7811 m",
63573,2026-10-03T01:19:05.818Z,INFO,engine.cycle,"monitored I10: aiming at taught Hz=285.1985 deg, V=90.3291 deg (instrument in same position; prediction within 0.00 deg, ignoring)",
63572,2026-10-03T01:19:05.777Z,INFO,engine.cycle,"monitored H7 measured OK: Hz=286.0040 deg, V=100.7578 deg, dist=59.9809 m",
63571,2026-10-03T01:18:44.853Z,INFO,engine.cycle,"monitored H7: aiming at taught Hz=286.0045 deg, V=100.7583 deg (instrument in same position; prediction within 0.00 deg, ignoring)",
63570,2026-10-03T01:18:44.822Z,INFO,engine.cycle,"monitored H6 measured OK: Hz=285.9236 deg, V=104.3597 deg, dist=60.8458 m",
63569,2026-10-03T01:18:23.166Z,INFO,engine.cycle,"monitored H6: aiming at taught Hz=285.9239 deg, V=104.3599 deg (instrument in same position; prediction within 0.01 deg, ignoring)",
63568,2026-10-03T01:18:23.152Z,INFO,engine.cycle,"monitored H13 measured OK: Hz=286.1251 deg, V=80.7774 deg, dist=59.6695 m",
63567,2026-10-03T01:18:02.987Z,INFO,engine.cycle,"monitored H13: aiming at taught Hz=286.1253 deg, V=80.7775 deg (instrument in same position; prediction within 0.00 deg, ignoring)",
63566,2026-10-03T01:18:02.961Z,INFO,engine.cycle,"monitored H11 measured OK: Hz=286.0905 deg, V=87.1256 deg, dist=58.9805 m",
63565,2026-10-03T01:17:42.865Z,INFO,engine.cycle,"monitored H11: aiming at taught Hz=286.0903 deg, V=87.1255 deg (instrument in same position; prediction within 0.00 deg, ignoring)",
63564,2026-10-03T01:17:42.839Z,INFO,engine.cycle,"monitored H10 measured OK: Hz=286.1846 deg, V=90.3026 deg, dist=58.8875 m",