id,time,level,source,message,details
69674,2026-10-08T14:20:59.740Z,INFO,engine.cycle,"monitored D1: aiming at taught Hz=282.5936 deg, V=112.8236 deg (instrument in same position; prediction within 0.00 deg, ignoring)",
69673,2026-10-08T14:20:59.716Z,INFO,engine.cycle,"monitored C9 measured OK: Hz=276.0793 deg, V=85.4562 deg, dist=58.6587 m",
69672,2026-10-08T14:20:30.724Z,INFO,engine.cycle,"monitored C9: aiming at taught Hz=276.0803 deg, V=85.4558 deg (instrument in same position; prediction within 0.01 deg, ignoring)",
69671,2026-10-08T14:20:30.710Z,INFO,engine.cycle,"monitored C8 measured OK: Hz=276.0790 deg, V=88.5198 deg, dist=58.4912 m",
69670,2026-10-08T14:20:04.658Z,INFO,engine.cycle,"monitored C8: aiming at taught Hz=276.0790 deg, V=88.5192 deg (instrument in same position; prediction within 0.00 deg, ignoring)",
69669,2026-10-08T14:20:04.634Z,INFO,engine.cycle,"monitored C7 measured OK: Hz=276.0651 deg, V=91.6902 deg, dist=58.5147 m",
69668,2026-10-08T14:19:40.622Z,INFO,engine.cycle,"monitored C7: aiming at taught Hz=276.0647 deg, V=91.6892 deg (instrument in same position; prediction within 0.00 deg, ignoring)",
69667,2026-10-08T14:19:40.614Z,INFO,engine.cycle,"monitored C6 measured OK: Hz=276.0353 deg, V=95.2749 deg, dist=58.7715 m",
69666,2026-10-08T14:19:12.521Z,INFO,engine.cycle,"monitored C6: aiming at taught Hz=276.0357 deg, V=95.2753 deg (instrument in same position; prediction within 0.00 deg, ignoring)",
69665,2026-10-08T14:19:12.514Z,WARNING,engine.cycle,monitored C5 measurement failed: TimeoutError: measurement exceeded 30.0s,
69664,2026-10-08T14:18:41.396Z,INFO,engine.cycle,"monitored C5: aiming at taught Hz=276.0972 deg, V=98.7777 deg (instrument in same position; prediction within 0.00 deg, ignoring)",
69663,2026-10-08T14:18:41.389Z,INFO,engine.cycle,"monitored C4 measured OK: Hz=276.1097 deg, V=102.2885 deg, dist=59.8674 m",
69662,2026-10-08T14:18:16.183Z,INFO,engine.cycle,"monitored C4: aiming at taught Hz=276.1095 deg, V=102.2855 deg (instrument in same position; prediction within 0.00 deg, ignoring)",
69661,2026-10-08T14:18:16.164Z,INFO,engine.cycle,"monitored C3 measured OK: Hz=276.0611 deg, V=105.5051 deg, dist=60.7283 m",
69660,2026-10-08T14:17:51.975Z,INFO,engine.cycle,"monitored C3: aiming at taught Hz=276.0617 deg, V=105.5070 deg (instrument in same position; prediction within 0.00 deg, ignoring)",
69659,2026-10-08T14:17:51.954Z,INFO,engine.cycle,"monitored C2 measured OK: Hz=276.0786 deg, V=108.7124 deg, dist=61.7605 m",
69658,2026-10-08T14:17:28.572Z,INFO,engine.cycle,"monitored C2: aiming at taught Hz=276.0792 deg, V=108.7126 deg (instrument in same position; prediction within 0.00 deg, ignoring)",
69657,2026-10-08T14:17:28.553Z,INFO,engine.cycle,"monitored C10 measured OK: Hz=276.0839 deg, V=82.1213 deg, dist=59.0388 m",
69656,2026-10-08T14:17:06.673Z,INFO,engine.cycle,"monitored C10: aiming at taught Hz=276.0846 deg, V=82.1135 deg (instrument in same position; prediction within 0.01 deg, ignoring)",
69655,2026-10-08T14:17:06.654Z,INFO,engine.cycle,"monitored C1 measured OK: Hz=276.1415 deg, V=111.9549 deg, dist=63.0485 m",
69654,2026-10-08T14:16:45.324Z,INFO,engine.cycle,"monitored C1: aiming at taught Hz=276.1414 deg, V=111.9549 deg (instrument in same position; prediction within 0.00 deg, ignoring)",
69653,2026-10-08T14:16:45.312Z,INFO,engine.cycle,"monitored B6 measured OK: Hz=270.2434 deg, V=98.2263 deg, dist=61.8235 m",
69652,2026-10-08T14:16:23.069Z,INFO,engine.cycle,"monitored B6: aiming at taught Hz=270.2431 deg, V=98.2250 deg (instrument in same position; prediction within 0.00 deg, ignoring)",
69651,2026-10-08T14:16:23.052Z,INFO,engine.cycle,"monitored B5 measured OK: Hz=270.1409 deg, V=101.5642 deg, dist=62.5225 m",
69650,2026-10-08T14:16:01.920Z,INFO,engine.cycle,"monitored B5: aiming at taught Hz=270.1412 deg, V=101.5652 deg (instrument in same position; prediction within 0.01 deg, ignoring)",
69649,2026-10-08T14:16:01.906Z,INFO,engine.cycle,"monitored B2 measured OK: Hz=270.1226 deg, V=107.9619 deg, dist=64.3967 m",
69648,2026-10-08T14:15:39.979Z,INFO,engine.cycle,"monitored B2: aiming at taught Hz=270.1230 deg, V=107.9627 deg (instrument in same position; prediction within 0.01 deg, ignoring)",
69647,2026-10-08T14:15:39.972Z,WARNING,engine.cycle,monitored B1 result held as suspect: 3522.5 mm displacement; differs from prior candidate by 21.0 mm,
69646,2026-10-08T14:15:12.679Z,INFO,engine.cycle,"monitored B1 measured OK: Hz=272.7840 deg, V=111.4971 deg, dist=63.5648 m",
69645,2026-10-08T14:14:50.569Z,INFO,engine.cycle,"monitored B1: aiming at predicted Hz=270.1322 deg, V=111.2047 deg (relocation detected; taught was Hz=272.7837 deg, V=111.4958 deg)",
69644,2026-10-08T14:14:50.553Z,INFO,engine.cycle,"monitored A9 measured OK: Hz=264.0526 deg, V=85.7002 deg, dist=65.2233 m",
69643,2026-10-08T14:14:30.773Z,INFO,engine.cycle,"monitored A9: aiming at taught Hz=264.0518 deg, V=85.7000 deg (instrument in same position; prediction within 0.01 deg, ignoring)",
69642,2026-10-08T14:14:30.760Z,INFO,engine.cycle,"monitored A8 measured OK: Hz=264.0263 deg, V=88.4267 deg, dist=65.0800 m",
69641,2026-10-08T14:14:09.117Z,INFO,engine.cycle,"monitored A8: aiming at taught Hz=264.0263 deg, V=88.4274 deg (instrument in same position; prediction within 0.01 deg, ignoring)",
69640,2026-10-08T14:14:09.096Z,INFO,engine.cycle,"monitored A7 measured OK: Hz=263.9730 deg, V=91.1302 deg, dist=65.1201 m",
69639,2026-10-08T14:13:46.029Z,INFO,engine.cycle,"monitored A7: aiming at predicted Hz=263.9678 deg, V=91.1286 deg (relocation detected; taught was Hz=311.9868 deg, V=45.5644 deg)",
69638,2026-10-08T14:13:45.997Z,INFO,engine.cycle,"monitored A4 measured OK: Hz=264.0194 deg, V=100.7828 deg, dist=66.2353 m",
69637,2026-10-08T14:13:24.518Z,INFO,engine.cycle,"monitored A4: aiming at taught Hz=264.0195 deg, V=100.7824 deg (instrument in same position; prediction within 0.01 deg, ignoring)",
69636,2026-10-08T14:13:24.511Z,WARNING,engine.cycle,monitored A2 result held as suspect: 1192.7 mm displacement; differs from prior candidate by 230.3 mm,
69635,2026-10-08T14:13:02.395Z,INFO,engine.cycle,"monitored A2 measured OK: Hz=263.9390 deg, V=108.4649 deg, dist=68.8023 m",
69634,2026-10-08T14:12:41.741Z,INFO,engine.cycle,"monitored A2: aiming at taught Hz=263.9389 deg, V=108.4653 deg (instrument in same position; prediction within 0.85 deg, ignoring)",
69633,2026-10-08T14:12:41.738Z,INFO,engine.cycle,"Cycle 253 transform: translation=0.0032 m, rotation=88.7869 deg (large values = instrument relocated)",
69632,2026-10-08T14:12:41.736Z,INFO,engine.cycle,"Cycle 253 per-reference residuals: R1=4.35mm, R2=6.03mm, R3=1.31mm, R5=2.62mm",
69631,2026-10-08T14:12:41.734Z,INFO,engine.cycle,Cycle 253 transform solved from 4 ref(s): RMS=3.99 mm,
69630,2026-10-08T14:12:41.699Z,INFO,engine.cycle,"ref R5 measured OK: Hz=111.2261 deg, V=92.3151 deg, dist=17.2604 m",
69629,2026-10-08T14:12:21.770Z,INFO,engine.cycle,"ref R5: aiming at taught Hz=111.2261 deg, V=92.3159 deg",
69628,2026-10-08T14:12:21.747Z,INFO,engine.cycle,"ref R3 measured OK: Hz=100.3101 deg, V=90.3935 deg, dist=76.6123 m",
69627,2026-10-08T14:11:59.553Z,INFO,engine.cycle,"ref R3: aiming at taught Hz=100.3101 deg, V=90.4047 deg",
69626,2026-10-08T14:11:59.538Z,INFO,engine.cycle,"ref R2 measured OK: Hz=62.1496 deg, V=89.4311 deg, dist=18.7807 m",
69625,2026-10-08T14:11:38.067Z,INFO,engine.cycle,"ref R2: aiming at taught Hz=62.1495 deg, V=89.4319 deg",
69624,2026-10-08T14:11:38.046Z,INFO,engine.cycle,"ref R1 measured OK: Hz=21.6566 deg, V=91.2710 deg, dist=17.6160 m",
69623,2026-10-08T14:11:18.733Z,INFO,engine.cycle,"ref R1: aiming at taught Hz=21.6565 deg, V=91.2763 deg",
69622,2026-10-08T14:11:18.731Z,INFO,engine.cycle,"Compensator tilt at cycle start: cross=-0.0176 deg (-19.6 mgon), length=-0.0137 deg (-15.2 mgon)",
69621,2026-10-08T14:11:18.713Z,INFO,engine.cycle,"Cycle 253 starting: site='DeVinci-1', 4 ref(s), 61 monitored, faces=2",
69620,2026-10-08T14:10:07.972Z,INFO,api.state,Auto-reconnected via tcp (TM60 0.5 R1000 S/N 966900),
69619,2026-10-08T14:10:07.855Z,INFO,geocom.transport,Connecting TCP 192.168.254.3:1212,
69618,2026-10-08T14:10:07.855Z,INFO,engine.scheduler,scheduler started,
69617,2026-10-08T14:10:07.855Z,INFO,api.server,Restored last active site 'DeVinci-1' (id=1),
69616,2026-10-08T14:10:07.855Z,INFO,app,Application started (after ~31m offline — likely app/PC restart),
69615,2026-10-08T13:38:19.869Z,INFO,engine.scheduler,cycle 252 -> cancelled,
69614,2026-10-08T13:38:11.615Z,WARNING,engine.cycle,Cycle 252 stopped by user during monitored measurement,
69613,2026-10-08T13:38:11.610Z,WARNING,engine.cycle,"monitored A8 result held as suspect: 213.7 mm displacement; repeat agrees, awaiting next-cycle confirmation",
69612,2026-10-08T13:37:46.864Z,INFO,engine.cycle,"monitored A8 measured OK: Hz=264.0263 deg, V=88.4274 deg, dist=65.0800 m",
69611,2026-10-08T13:37:23.045Z,INFO,engine.cycle,"monitored A8: aiming at taught Hz=264.0263 deg, V=88.4257 deg (instrument in same position; prediction within 0.19 deg, ignoring)",
69610,2026-10-08T13:37:23.036Z,WARNING,engine.cycle,monitored A7 result held as suspect: 57654.4 mm displacement; repeat differs by 57742.0 mm,
69609,2026-10-08T13:36:57.417Z,INFO,engine.cycle,"monitored A7 measured OK: Hz=311.9868 deg, V=45.5644 deg, dist=32.5600 m",
69608,2026-10-08T13:36:34.241Z,INFO,engine.cycle,"monitored A7: aiming at taught Hz=263.9734 deg, V=91.1301 deg (instrument in same position; prediction within 0.19 deg, ignoring)",
69607,2026-10-08T13:36:34.237Z,WARNING,engine.cycle,"monitored A4 result held as suspect: 218.1 mm displacement; repeat agrees, awaiting next-cycle confirmation",
69606,2026-10-08T13:36:12.505Z,INFO,engine.cycle,"monitored A4 measured OK: Hz=264.0195 deg, V=100.7824 deg, dist=66.2354 m",
69605,2026-10-08T13:35:51.181Z,INFO,engine.cycle,"monitored A4: aiming at taught Hz=264.0196 deg, V=100.7818 deg (instrument in same position; prediction within 0.18 deg, ignoring)",
69604,2026-10-08T13:35:51.173Z,WARNING,engine.cycle,monitored A2 result held as suspect: 1381.9 mm displacement; differs from prior candidate by 241.1 mm,
69603,2026-10-08T13:35:30.151Z,INFO,engine.cycle,"monitored A2 measured OK: Hz=263.9389 deg, V=108.4653 deg, dist=68.8023 m",
69602,2026-10-08T13:35:08.769Z,INFO,engine.cycle,"monitored A2: aiming at taught Hz=263.9398 deg, V=108.4649 deg (instrument in same position; prediction within 1.03 deg, ignoring)",
69601,2026-10-08T13:35:08.767Z,INFO,engine.cycle,"Cycle 252 transform: translation=0.0671 m, rotation=88.7866 deg (large values = instrument relocated)",
69600,2026-10-08T13:35:08.765Z,INFO,engine.cycle,"Cycle 252 per-reference residuals: R1=1.56mm, R2=2.06mm, R3=1.74mm",
69599,2026-10-08T13:35:08.763Z,INFO,engine.cycle,Cycle 252 transform solved from 3 ref(s): RMS=1.80 mm,
69598,2026-10-08T13:35:08.756Z,WARNING,engine.cycle,ref R5 measurement failed: TimeoutError: measurement exceeded 30.0s,
69597,2026-10-08T13:34:38.432Z,INFO,engine.cycle,"ref R5: aiming at taught Hz=111.2261 deg, V=92.3159 deg",
69596,2026-10-08T13:34:38.416Z,INFO,engine.cycle,"ref R3 measured OK: Hz=100.3101 deg, V=90.4047 deg, dist=76.6122 m",
69595,2026-10-08T13:34:09.696Z,INFO,engine.cycle,"ref R3: aiming at taught Hz=100.3102 deg, V=90.3925 deg",
69594,2026-10-08T13:34:09.676Z,INFO,engine.cycle,"ref R2 measured OK: Hz=62.1495 deg, V=89.4319 deg, dist=18.7805 m",
69593,2026-10-08T13:33:42.692Z,INFO,engine.cycle,"ref R2: aiming at taught Hz=62.1499 deg, V=89.4335 deg",
69592,2026-10-08T13:33:42.675Z,INFO,engine.cycle,"ref R1 measured OK: Hz=21.6565 deg, V=91.2763 deg, dist=17.6161 m",
69591,2026-10-08T13:33:23.540Z,INFO,engine.cycle,"ref R1: aiming at taught Hz=21.6568 deg, V=91.2761 deg",
69590,2026-10-08T13:33:23.537Z,INFO,engine.cycle,"Compensator tilt at cycle start: cross=-0.0171 deg (-19.0 mgon), length=-0.0131 deg (-14.5 mgon)",
69589,2026-10-08T13:33:23.508Z,INFO,engine.cycle,"Cycle 252 starting: site='DeVinci-1', 4 ref(s), 61 monitored, faces=2",
69588,2026-10-08T13:31:42.898Z,INFO,api.monitoring,Point R4 deactivated,
69587,2026-10-08T13:31:42.891Z,INFO,api.monitoring,points/enable request: site_id=1 point_id='R4' enabled=False,
69586,2026-10-08T13:23:03.068Z,INFO,sync.publisher,"Published 6 message(s), 0 failed, 0 pending",
69585,2026-10-08T13:23:01.211Z,INFO,sync.publisher,MQTT connected to 34.38.96.215:8883,
69584,2026-10-08T13:22:59.987Z,INFO,engine.scheduler,cycle 251 -> cancelled,
69583,2026-10-08T13:22:56.002Z,WARNING,engine.cycle,Cycle 251 stopped by user during monitored measurement,
69582,2026-10-08T13:22:55.983Z,INFO,engine.cycle,"monitored C1 measured OK: Hz=276.1414 deg, V=111.9549 deg, dist=63.0485 m",
69581,2026-10-08T13:22:30.721Z,INFO,engine.cycle,"monitored C1: aiming at taught Hz=276.1421 deg, V=111.9548 deg (instrument in same position; prediction within 0.01 deg, ignoring)",
69580,2026-10-08T13:22:30.699Z,INFO,engine.cycle,"monitored B6 measured OK: Hz=270.2431 deg, V=98.2250 deg, dist=61.8235 m",
69579,2026-10-08T13:22:07.808Z,INFO,engine.cycle,"monitored B6: aiming at taught Hz=270.2436 deg, V=98.2253 deg (instrument in same position; prediction within 0.01 deg, ignoring)",
69578,2026-10-08T13:22:07.798Z,INFO,engine.cycle,"monitored B5 measured OK: Hz=270.1412 deg, V=101.5652 deg, dist=62.5226 m",
69577,2026-10-08T13:21:40.866Z,INFO,engine.cycle,"monitored B5: aiming at taught Hz=270.1412 deg, V=101.5638 deg (instrument in same position; prediction within 0.01 deg, ignoring)",
69576,2026-10-08T13:21:40.860Z,WARNING,engine.cycle,monitored B2 measurement failed: TimeoutError: measurement exceeded 30.0s,
69575,2026-10-08T13:21:01.346Z,INFO,engine.cycle,"monitored B2: aiming at taught Hz=270.1230 deg, V=107.9627 deg (instrument in same position; prediction within 0.01 deg, ignoring)",
69574,2026-10-08T13:21:01.338Z,WARNING,engine.cycle,monitored B1 measurement failed: TimeoutError: measurement exceeded 30.0s,
69573,2026-10-08T13:20:28.353Z,INFO,engine.cycle,"monitored B1: aiming at predicted Hz=270.1446 deg, V=111.2075 deg (relocation detected; taught was Hz=272.7837 deg, V=111.4958 deg)",
69572,2026-10-08T13:20:28.343Z,INFO,engine.cycle,"monitored A9 measured OK: Hz=264.0518 deg, V=85.7000 deg, dist=65.2233 m",
69571,2026-10-08T13:20:03.259Z,INFO,engine.cycle,"monitored A9: aiming at taught Hz=264.0514 deg, V=85.7013 deg (instrument in same position; prediction within 0.00 deg, ignoring)",
69570,2026-10-08T13:20:03.240Z,INFO,engine.cycle,"monitored A8 measured OK: Hz=264.0263 deg, V=88.4257 deg, dist=65.0803 m",
69569,2026-10-08T13:19:40.441Z,INFO,engine.cycle,"monitored A8: aiming at taught Hz=264.0271 deg, V=88.4259 deg (instrument in same position; prediction within 0.01 deg, ignoring)",
69568,2026-10-08T13:19:40.433Z,WARNING,engine.cycle,monitored A7 measurement failed: GeoComError: RPC 17017 (BAP_MeasDistanceAngle) failed with GRC 8710,
69567,2026-10-08T13:19:30.894Z,INFO,engine.cycle,"monitored A7: aiming at taught Hz=263.9734 deg, V=91.1301 deg (instrument in same position; prediction within 0.01 deg, ignoring)",
69566,2026-10-08T13:19:30.879Z,INFO,engine.cycle,"monitored A4 measured OK: Hz=264.0196 deg, V=100.7818 deg, dist=66.2354 m",
69565,2026-10-08T13:19:02.711Z,INFO,engine.cycle,"monitored A4: aiming at taught Hz=264.0196 deg, V=100.7822 deg (instrument in same position; prediction within 0.01 deg, ignoring)",
69564,2026-10-08T13:19:02.707Z,WARNING,engine.cycle,monitored A2 result held as suspect: 1185.0 mm displacement; differs from prior candidate by 18.3 mm,
69563,2026-10-08T13:18:39.053Z,INFO,engine.cycle,"monitored A2 measured OK: Hz=263.9398 deg, V=108.4649 deg, dist=68.8024 m",
69562,2026-10-08T13:18:17.243Z,INFO,engine.cycle,"monitored A2: aiming at taught Hz=263.9392 deg, V=108.4648 deg (instrument in same position; prediction within 0.84 deg, ignoring)",
69561,2026-10-08T13:18:17.240Z,INFO,engine.cycle,"Cycle 251 transform: translation=0.0103 m, rotation=88.7903 deg (large values = instrument relocated)",
69560,2026-10-08T13:18:17.238Z,INFO,engine.cycle,"Cycle 251 per-reference residuals: R1=10.67mm, R2=11.37mm, R3=12.63mm, R4=45.93mm, R5=14.72mm",
69559,2026-10-08T13:18:17.236Z,WARNING,engine.cycle,"Cycle 251 transform solved from 5 ref(s): RMS=23.36 mm -- unusually high, check for a misidentified/garbage ref reading above",
69558,2026-10-08T13:18:17.224Z,INFO,engine.cycle,"ref R5 measured OK: Hz=111.2261 deg, V=92.3159 deg, dist=17.2605 m",
69557,2026-10-08T13:17:56.833Z,INFO,engine.cycle,"ref R5: aiming at taught Hz=111.2265 deg, V=92.3162 deg",
69556,2026-10-08T13:17:56.826Z,INFO,engine.cycle,"ref R4 measured OK: Hz=105.5333 deg, V=88.3378 deg, dist=61.0585 m",
69555,2026-10-08T13:17:33.869Z,INFO,engine.cycle,"ref R4: aiming at taught Hz=105.5334 deg, V=88.3378 deg",
69554,2026-10-08T13:17:33.862Z,INFO,engine.cycle,"ref R3 measured OK: Hz=100.3102 deg, V=90.3925 deg, dist=76.6124 m",
69553,2026-10-08T13:17:09.635Z,INFO,engine.cycle,"ref R3: aiming at taught Hz=100.3105 deg, V=90.3931 deg",
69552,2026-10-08T13:17:09.622Z,INFO,engine.cycle,"ref R2 measured OK: Hz=62.1499 deg, V=89.4335 deg, dist=18.7805 m",
69551,2026-10-08T13:16:40.670Z,INFO,engine.cycle,"ref R2: aiming at taught Hz=62.1502 deg, V=89.4322 deg",
69550,2026-10-08T13:16:40.664Z,INFO,engine.cycle,"ref R1 measured OK: Hz=21.6568 deg, V=91.2761 deg, dist=17.6160 m",
69549,2026-10-08T13:16:11.656Z,INFO,engine.cycle,"ref R1: aiming at taught Hz=21.6573 deg, V=91.2771 deg",
69548,2026-10-08T13:16:11.652Z,INFO,engine.cycle,"Compensator tilt at cycle start: cross=-0.0061 deg (-6.8 mgon), length=0.0054 deg (6.0 mgon)",
69547,2026-10-08T13:16:11.624Z,INFO,engine.cycle,"Cycle 251 starting: site='DeVinci-1', 5 ref(s), 61 monitored, faces=2",
69546,2026-10-08T13:12:06.767Z,INFO,api.state,Auto-reconnected via tcp (TM60 0.5 R1000 S/N 966900),
69545,2026-10-08T13:12:06.705Z,INFO,geocom.transport,Connecting TCP 192.168.254.3:1212,
69544,2026-10-08T13:11:06.312Z,INFO,geocom.transport,Connecting TCP 192.168.254.3:1212,
69543,2026-10-08T13:10:34.094Z,INFO,geocom.transport,Connecting TCP 192.168.254.3:1212,
69542,2026-10-08T13:10:17.969Z,INFO,geocom.transport,Connecting TCP 192.168.254.3:1212,
69541,2026-10-08T13:10:09.187Z,INFO,geocom.transport,Connecting TCP 192.168.254.3:1212,
69540,2026-10-08T13:10:05.096Z,INFO,geocom.transport,Connecting TCP 192.168.254.3:1212,
69539,2026-10-08T13:10:04.070Z,INFO,sync.publisher,"Published 5 message(s), 0 failed, 0 pending",
69538,2026-10-08T13:10:02.339Z,INFO,sync.publisher,MQTT connected to 34.38.96.215:8883,
69537,2026-10-08T13:10:00.076Z,INFO,geocom.transport,Connecting TCP 192.168.254.3:1212,
69536,2026-10-08T13:10:00.069Z,WARNING,engine.scheduler,Instrument health check failed; tearing down session so auto-reconnect can take over,
69535,2026-10-08T13:09:59.051Z,INFO,engine.scheduler,cycle 250 -> ok,
69534,2026-10-08T13:09:59.051Z,WARNING,engine.cycle,Could not park the telescope after the cycle: Client is not connected; call connect() first,
69533,2026-10-08T13:09:59.051Z,INFO,engine.cycle,"Cycle 250 ok: 4 refs, 7 monitored, RMS 25.10 mm",
69532,2026-10-08T13:09:59.051Z,WARNING,engine.cycle,monitored f8p13 measurement failed: RuntimeError: Client is not connected; call connect() first,
69531,2026-10-08T13:09:59.051Z,INFO,engine.cycle,"monitored f8p13: aiming at taught Hz=286.4952 deg, V=97.7033 deg (instrument in same position; prediction within 0.09 deg, ignoring)",
69530,2026-10-08T13:09:59.038Z,WARNING,engine.cycle,monitored f8p10 measurement failed: RuntimeError: Client is not connected; call connect() first,
69529,2026-10-08T13:09:59.038Z,INFO,engine.cycle,"monitored f8p10: aiming at taught Hz=282.8637 deg, V=97.3869 deg (instrument in same position; prediction within 0.01 deg, ignoring)",
69528,2026-10-08T13:09:59.038Z,WARNING,engine.cycle,monitored f8p1 measurement failed: RuntimeError: Client is not connected; call connect() first,
69527,2026-10-08T13:09:59.038Z,INFO,engine.cycle,"monitored f8p1: aiming at predicted Hz=264.0355 deg, V=97.6919 deg (relocation detected; taught was Hz=266.7690 deg, V=99.6853 deg)",
69526,2026-10-08T13:09:59.038Z,WARNING,engine.cycle,monitored f7p8 measurement failed: RuntimeError: Client is not connected; call connect() first,
69525,2026-10-08T13:09:59.036Z,INFO,engine.cycle,"monitored f7p8: aiming at taught Hz=279.8864 deg, V=101.1542 deg (instrument in same position; prediction within 0.01 deg, ignoring)",
69524,2026-10-08T13:09:59.019Z,WARNING,engine.cycle,monitored f7p14 measurement failed: RuntimeError: Client is not connected; call connect() first,
69523,2026-10-08T13:09:59.019Z,INFO,engine.cycle,"monitored f7p14: aiming at taught Hz=266.7703 deg, V=99.6863 deg (instrument in same position; prediction within 0.02 deg, ignoring)",
69522,2026-10-08T13:09:59.019Z,WARNING,engine.cycle,monitored f6p8 measurement failed: RuntimeError: Client is not connected; call connect() first,
69521,2026-10-08T13:09:59.019Z,INFO,engine.cycle,"monitored f6p8: aiming at taught Hz=279.8442 deg, V=104.4388 deg (instrument in same position; prediction within 0.01 deg, ignoring)",
69520,2026-10-08T13:09:59.019Z,WARNING,engine.cycle,monitored f6p7 measurement failed: RuntimeError: Client is not connected; call connect() first,
69519,2026-10-08T13:09:59.019Z,INFO,engine.cycle,"monitored f6p7: aiming at taught Hz=275.9811 deg, V=104.3912 deg (instrument in same position; prediction within 0.11 deg, ignoring)",
69518,2026-10-08T13:09:59.007Z,WARNING,engine.cycle,monitored f6p14 measurement failed: RuntimeError: Client is not connected; call connect() first,
69517,2026-10-08T13:09:59.007Z,INFO,engine.cycle,"monitored f6p14: aiming at taught Hz=266.7563 deg, V=103.1669 deg (instrument in same position; prediction within 0.01 deg, ignoring)",
69516,2026-10-08T13:09:59.007Z,WARNING,engine.cycle,monitored f6p10 measurement failed: RuntimeError: Client is not connected; call connect() first,
69515,2026-10-08T13:09:59.007Z,INFO,engine.cycle,"monitored f6p10: aiming at taught Hz=282.8873 deg, V=104.3653 deg (instrument in same position; prediction within 0.10 deg, ignoring)",
69514,2026-10-08T13:09:59.005Z,WARNING,engine.cycle,monitored f5p8 measurement failed: RuntimeError: Client is not connected; call connect() first,
69513,2026-10-08T13:09:59.003Z,INFO,engine.cycle,"monitored f5p8: aiming at taught Hz=279.8157 deg, V=107.8743 deg (instrument in same position; prediction within 0.11 deg, ignoring)",
69512,2026-10-08T13:09:58.987Z,WARNING,engine.cycle,monitored f5p7 measurement failed: RuntimeError: Client is not connected; call connect() first,
69511,2026-10-08T13:09:58.987Z,INFO,engine.cycle,"monitored f5p7: aiming at taught Hz=275.9829 deg, V=107.6886 deg (instrument in same position; prediction within 0.11 deg, ignoring)",
69510,2026-10-08T13:09:58.987Z,WARNING,engine.cycle,monitored f5p13 measurement failed: RuntimeError: Client is not connected; call connect() first,
69509,2026-10-08T13:09:58.987Z,INFO,engine.cycle,"monitored f5p13: aiming at taught Hz=286.5489 deg, V=107.8574 deg (instrument in same position; prediction within 0.10 deg, ignoring)",
69508,2026-10-08T13:09:58.987Z,WARNING,engine.cycle,monitored f5p10 measurement failed: RuntimeError: Client is not connected; call connect() first,
69507,2026-10-08T13:09:58.987Z,INFO,engine.cycle,"monitored f5p10: aiming at taught Hz=282.8666 deg, V=107.9013 deg (instrument in same position; prediction within 0.11 deg, ignoring)",
69506,2026-10-08T13:09:58.974Z,WARNING,engine.cycle,monitored f4p8 measurement failed: RuntimeError: Client is not connected; call connect() first,
69505,2026-10-08T13:09:58.974Z,INFO,engine.cycle,"monitored f4p8: aiming at taught Hz=279.8207 deg, V=111.1068 deg (instrument in same position; prediction within 0.01 deg, ignoring)",
69504,2026-10-08T13:09:58.974Z,WARNING,engine.cycle,monitored f4p7 measurement failed: RuntimeError: Client is not connected; call connect() first,
69503,2026-10-08T13:09:58.973Z,INFO,engine.cycle,"monitored f4p7: aiming at taught Hz=275.9805 deg, V=110.6821 deg (instrument in same position; prediction within 0.11 deg, ignoring)",
69502,2026-10-08T13:09:58.971Z,WARNING,engine.cycle,monitored f4p4 measurement failed: RuntimeError: Client is not connected; call connect() first,
69501,2026-10-08T13:09:58.955Z,INFO,engine.cycle,"monitored f4p4: aiming at taught Hz=272.7843 deg, V=111.4971 deg (instrument in same position; prediction within 0.11 deg, ignoring)",
69500,2026-10-08T13:09:58.955Z,WARNING,engine.cycle,monitored f4p14 measurement failed: RuntimeError: Client is not connected; call connect() first,
69499,2026-10-08T13:09:58.955Z,INFO,engine.cycle,"monitored f4p14: aiming at taught Hz=266.3913 deg, V=108.6849 deg (instrument in same position; prediction within 0.01 deg, ignoring)",
69498,2026-10-08T13:09:58.955Z,WARNING,engine.cycle,monitored f4p10 measurement failed: RuntimeError: Client is not connected; call connect() first,
69497,2026-10-08T13:09:58.955Z,INFO,engine.cycle,"monitored f4p10: aiming at taught Hz=282.8428 deg, V=111.1577 deg (instrument in same position; prediction within 0.02 deg, ignoring)",
69496,2026-10-08T13:09:58.955Z,WARNING,engine.cycle,monitored I11 measurement failed: RuntimeError: Client is not connected; call connect() first,
69495,2026-10-08T13:09:58.940Z,INFO,engine.cycle,"monitored I11: aiming at taught Hz=286.0922 deg, V=87.1258 deg (instrument in same position; prediction within 0.83 deg, ignoring)",
69494,2026-10-08T13:09:58.940Z,WARNING,engine.cycle,monitored I10 measurement failed: RuntimeError: Client is not connected; call connect() first,
69493,2026-10-08T13:09:58.940Z,INFO,engine.cycle,"monitored I10: aiming at taught Hz=285.2005 deg, V=90.3288 deg (instrument in same position; prediction within 0.01 deg, ignoring)",
69492,2026-10-08T13:09:58.940Z,WARNING,engine.cycle,monitored H7 measurement failed: RuntimeError: Client is not connected; call connect() first,
69491,2026-10-08T13:09:58.940Z,INFO,engine.cycle,"monitored H7: aiming at taught Hz=286.0067 deg, V=100.7580 deg (instrument in same position; prediction within 0.01 deg, ignoring)",
69490,2026-10-08T13:09:58.940Z,WARNING,engine.cycle,monitored H6 measurement failed: RuntimeError: Client is not connected; call connect() first,
69489,2026-10-08T13:09:58.924Z,INFO,engine.cycle,"monitored H6: aiming at taught Hz=285.9256 deg, V=104.3601 deg (instrument in same position; prediction within 0.01 deg, ignoring)",
69488,2026-10-08T13:09:58.924Z,WARNING,engine.cycle,monitored H13 measurement failed: RuntimeError: Client is not connected; call connect() first,
69487,2026-10-08T13:09:58.924Z,INFO,engine.cycle,"monitored H13: aiming at taught Hz=286.1275 deg, V=80.7768 deg (instrument in same position; prediction within 0.01 deg, ignoring)",
69486,2026-10-08T13:09:58.924Z,WARNING,engine.cycle,monitored H11 measurement failed: RuntimeError: Client is not connected; call connect() first,
69485,2026-10-08T13:09:58.924Z,INFO,engine.cycle,"monitored H11: aiming at taught Hz=286.0922 deg, V=87.1266 deg (instrument in same position; prediction within 0.01 deg, ignoring)",
69484,2026-10-08T13:09:58.910Z,WARNING,engine.cycle,monitored H10 measurement failed: RuntimeError: Client is not connected; call connect() first,
69483,2026-10-08T13:09:58.910Z,INFO,engine.cycle,"monitored H10: aiming at taught Hz=286.1858 deg, V=90.3084 deg (instrument in same position; prediction within 0.01 deg, ignoring)",
69482,2026-10-08T13:09:58.910Z,WARNING,engine.cycle,monitored G11 measurement failed: RuntimeError: Client is not connected; call connect() first,
69481,2026-10-08T13:09:58.910Z,INFO,engine.cycle,"monitored G11: aiming at taught Hz=282.5864 deg, V=88.3199 deg (instrument in same position; prediction within 1.47 deg, ignoring)",
69480,2026-10-08T13:09:58.910Z,WARNING,engine.cycle,monitored G10 measurement failed: RuntimeError: Client is not connected; call connect() first,
69479,2026-10-08T13:09:58.908Z,INFO,engine.cycle,"monitored G10: aiming at taught Hz=281.1484 deg, V=90.1402 deg (instrument in same position; prediction within 0.01 deg, ignoring)",
69478,2026-10-08T13:09:58.892Z,WARNING,engine.cycle,monitored F11 measurement failed: RuntimeError: Client is not connected; call connect() first,
69477,2026-10-08T13:09:58.892Z,INFO,engine.cycle,"monitored F11: aiming at taught Hz=281.1137 deg, V=87.1384 deg (instrument in same position; prediction within 1.17 deg, ignoring)",
69476,2026-10-08T13:09:58.892Z,WARNING,engine.cycle,monitored F10 measurement failed: RuntimeError: Client is not connected; call connect() first,
69475,2026-10-08T13:09:58.892Z,INFO,engine.cycle,"monitored F10: aiming at taught Hz=279.8660 deg, V=90.3136 deg (instrument in same position; prediction within 0.01 deg, ignoring)",
69474,2026-10-08T13:09:58.892Z,WARNING,engine.cycle,monitored E7 measurement failed: RuntimeError: Client is not connected; call connect() first,
69473,2026-10-08T13:09:58.892Z,INFO,engine.cycle,"monitored E7: aiming at taught Hz=272.7767 deg, V=100.8021 deg (instrument in same position; prediction within 0.01 deg, ignoring)",
69472,2026-10-08T13:09:58.877Z,WARNING,engine.cycle,monitored E6 measurement failed: RuntimeError: Client is not connected; call connect() first,
69471,2026-10-08T13:09:58.877Z,INFO,engine.cycle,"monitored E6: aiming at taught Hz=272.7800 deg, V=105.7047 deg (instrument in same position; prediction within 0.01 deg, ignoring)",
69470,2026-10-08T13:09:58.877Z,WARNING,engine.cycle,monitored E5 measurement failed: RuntimeError: Client is not connected; call connect() first,
69469,2026-10-08T13:09:58.877Z,INFO,engine.cycle,"monitored E5: aiming at taught Hz=272.7017 deg, V=108.5295 deg (instrument in same position; prediction within 0.01 deg, ignoring)",
69468,2026-10-08T13:09:58.877Z,WARNING,engine.cycle,monitored D9 measurement failed: RuntimeError: Client is not connected; call connect() first,
69467,2026-10-08T13:09:58.863Z,INFO,engine.cycle,"monitored D9: aiming at taught Hz=282.5667 deg, V=85.1115 deg (instrument in same position; prediction within 0.01 deg, ignoring)",
69466,2026-10-08T13:09:58.863Z,WARNING,engine.cycle,monitored D8 measurement failed: RuntimeError: Client is not connected; call connect() first,
69465,2026-10-08T13:09:58.863Z,INFO,engine.cycle,"monitored D8: aiming at taught Hz=281.1153 deg, V=87.1389 deg (instrument in same position; prediction within 1.48 deg, ignoring)",
69464,2026-10-08T13:09:58.863Z,WARNING,engine.cycle,monitored D7 measurement failed: RuntimeError: Client is not connected; call connect() first,
69463,2026-10-08T13:09:58.863Z,INFO,engine.cycle,"monitored D7: aiming at taught Hz=282.5439 deg, V=91.6598 deg (instrument in same position; prediction within 0.01 deg, ignoring)",
69462,2026-10-08T13:09:58.860Z,WARNING,engine.cycle,monitored D6 measurement failed: RuntimeError: Client is not connected; call connect() first,
69461,2026-10-08T13:09:58.844Z,INFO,engine.cycle,"monitored D6: aiming at taught Hz=282.5232 deg, V=95.3495 deg (instrument in same position; prediction within 0.01 deg, ignoring)",
69460,2026-10-08T13:09:58.844Z,WARNING,engine.cycle,monitored D5 measurement failed: RuntimeError: Client is not connected; call connect() first,
69459,2026-10-08T13:09:58.844Z,INFO,engine.cycle,"monitored D5: aiming at taught Hz=282.5865 deg, V=99.0667 deg (instrument in same position; prediction within 0.01 deg, ignoring)",
69458,2026-10-08T13:09:58.844Z,WARNING,engine.cycle,monitored D4 measurement failed: RuntimeError: Client is not connected; call connect() first,
69457,2026-10-08T13:09:58.844Z,INFO,engine.cycle,"monitored D4: aiming at taught Hz=282.5740 deg, V=102.6789 deg (instrument in same position; prediction within 0.01 deg, ignoring)",
69456,2026-10-08T13:09:58.844Z,WARNING,engine.cycle,monitored D3 measurement failed: RuntimeError: Client is not connected; call connect() first,
69455,2026-10-08T13:09:58.828Z,INFO,engine.cycle,"monitored D3: aiming at taught Hz=282.5950 deg, V=106.1703 deg (instrument in same position; prediction within 0.01 deg, ignoring)",
69454,2026-10-08T13:09:58.828Z,WARNING,engine.cycle,monitored D2 measurement failed: RuntimeError: Client is not connected; call connect() first,
69453,2026-10-08T13:09:58.828Z,INFO,engine.cycle,"monitored D2: aiming at taught Hz=282.5788 deg, V=109.5506 deg (instrument in same position; prediction within 0.01 deg, ignoring)",
69452,2026-10-08T13:09:58.828Z,WARNING,engine.cycle,monitored D10 measurement failed: RuntimeError: Client is not connected; call connect() first,
69451,2026-10-08T13:09:58.828Z,INFO,engine.cycle,"monitored D10: aiming at taught Hz=282.5251 deg, V=81.8355 deg (instrument in same position; prediction within 0.01 deg, ignoring)",
69450,2026-10-08T13:09:58.828Z,WARNING,engine.cycle,monitored D1 measurement failed: RuntimeError: Client is not connected; call connect() first,
69449,2026-10-08T13:09:58.797Z,INFO,engine.cycle,"monitored D1: aiming at taught Hz=282.5936 deg, V=112.8236 deg (instrument in same position; prediction within 0.01 deg, ignoring)",
69448,2026-10-08T13:09:58.797Z,WARNING,engine.cycle,monitored C9 measurement failed: RuntimeError: Client is not connected; call connect() first,
69447,2026-10-08T13:09:58.797Z,INFO,engine.cycle,"monitored C9: aiming at taught Hz=276.0803 deg, V=85.4558 deg (instrument in same position; prediction within 0.01 deg, ignoring)",
69446,2026-10-08T13:09:58.797Z,WARNING,engine.cycle,monitored C8 measurement failed: RuntimeError: Client is not connected; call connect() first,
69445,2026-10-08T13:09:58.797Z,INFO,engine.cycle,"monitored C8: aiming at taught Hz=276.0790 deg, V=88.5192 deg (instrument in same position; prediction within 0.01 deg, ignoring)",
69444,2026-10-08T13:09:58.781Z,WARNING,engine.cycle,monitored C7 measurement failed: ConnectionRefusedError: [WinError 10061] No connection could be made because the target machine actively refused it,
69443,2026-10-08T13:09:56.750Z,INFO,geocom.transport,Connecting TCP 192.168.254.3:1212,
69442,2026-10-08T13:09:56.750Z,INFO,geocom.client,Reconnecting transport ...,
69441,2026-10-08T13:09:56.741Z,WARNING,geocom.client,RPC 9027 (AUT_MakePositioning) failed (No response to RPC 9027 within 20.0s); attempting one reconnect,
69440,2026-10-08T13:09:53.535Z,INFO,engine.cycle,"monitored C7: aiming at taught Hz=276.0647 deg, V=91.6892 deg (instrument in same position; prediction within 0.01 deg, ignoring)",
69439,2026-10-08T13:09:53.519Z,WARNING,engine.cycle,monitored C6 measurement failed: GeoComError: RPC 9027 (AUT_MakePositioning) failed with GRC 1806,
69438,2026-10-08T13:09:48.617Z,INFO,engine.cycle,"monitored C6: aiming at taught Hz=276.0357 deg, V=95.2753 deg (instrument in same position; prediction within 0.01 deg, ignoring)",
69437,2026-10-08T13:09:48.601Z,WARNING,engine.cycle,monitored C5 measurement failed: GeoComError: RPC 9027 (AUT_MakePositioning) failed with GRC 1806,
69436,2026-10-08T13:09:44.335Z,INFO,engine.cycle,"monitored C5: aiming at taught Hz=276.0972 deg, V=98.7777 deg (instrument in same position; prediction within 0.01 deg, ignoring)",
69435,2026-10-08T13:09:44.305Z,INFO,engine.cycle,"monitored C4 measured OK: Hz=276.1095 deg, V=102.2855 deg, dist=59.8672 m",
69434,2026-10-08T13:09:37.282Z,WARNING,instrument.leica,"ATR fine-adjust failed after face change, measuring at the coarse position instead: RPC 9037 (AUT_FineAdjust) failed with GRC 8710",
69433,2026-10-08T13:09:18.990Z,INFO,engine.cycle,"monitored C4: aiming at taught Hz=276.1107 deg, V=102.2856 deg (instrument in same position; prediction within 0.01 deg, ignoring)",
69432,2026-10-08T13:09:18.974Z,WARNING,engine.cycle,monitored C3 measurement failed: TimeoutError: measurement exceeded 30.0s,
69431,2026-10-08T13:08:41.239Z,INFO,engine.cycle,"monitored C3: aiming at taught Hz=276.0617 deg, V=105.5070 deg (instrument in same position; prediction within 0.01 deg, ignoring)",
69430,2026-10-08T13:08:41.221Z,WARNING,engine.cycle,monitored C2 measurement failed: TimeoutError: measurement exceeded 30.0s,
69429,2026-10-08T13:08:10.090Z,INFO,engine.cycle,"monitored C2: aiming at taught Hz=276.0792 deg, V=108.7126 deg (instrument in same position; prediction within 0.01 deg, ignoring)",
69428,2026-10-08T13:08:10.072Z,WARNING,engine.cycle,monitored C10 measurement failed: TimeoutError: measurement exceeded 30.0s,
69427,2026-10-08T13:07:38.114Z,INFO,engine.cycle,"monitored C10: aiming at taught Hz=276.0846 deg, V=82.1135 deg (instrument in same position; prediction within 0.01 deg, ignoring)",
69426,2026-10-08T13:07:38.082Z,INFO,engine.cycle,"monitored C1 measured OK: Hz=276.1421 deg, V=111.9548 deg, dist=63.0486 m",
69425,2026-10-08T13:07:15.104Z,INFO,engine.cycle,"monitored C1: aiming at taught Hz=276.1411 deg, V=111.9541 deg (instrument in same position; prediction within 0.01 deg, ignoring)",
69424,2026-10-08T13:07:15.064Z,INFO,engine.cycle,"monitored B6 measured OK: Hz=270.2436 deg, V=98.2253 deg, dist=61.8235 m",
69423,2026-10-08T13:06:53.467Z,INFO,engine.cycle,"monitored B6: aiming at taught Hz=270.2427 deg, V=98.2247 deg (instrument in same position; prediction within 0.01 deg, ignoring)",
69422,2026-10-08T13:06:53.433Z,INFO,engine.cycle,"monitored B5 measured OK: Hz=270.1412 deg, V=101.5638 deg, dist=62.5224 m",
69421,2026-10-08T13:06:32.298Z,INFO,engine.cycle,"monitored B5: aiming at taught Hz=270.1404 deg, V=101.5625 deg (instrument in same position; prediction within 0.01 deg, ignoring)",
69420,2026-10-08T13:06:32.270Z,INFO,engine.cycle,"monitored B2 measured OK: Hz=270.1230 deg, V=107.9627 deg, dist=64.3965 m",
69419,2026-10-08T13:06:09.935Z,INFO,engine.cycle,"monitored B2: aiming at taught Hz=270.1221 deg, V=107.9612 deg (instrument in same position; prediction within 0.01 deg, ignoring)",
69418,2026-10-08T13:06:09.924Z,WARNING,engine.cycle,monitored B1 result held as suspect: 3522.1 mm displacement; differs from prior candidate by 12.7 mm,
69417,2026-10-08T13:05:41.571Z,INFO,engine.cycle,"monitored B1 measured OK: Hz=272.7837 deg, V=111.4958 deg, dist=63.5646 m",
69416,2026-10-08T13:05:15.131Z,INFO,engine.cycle,"monitored B1: aiming at predicted Hz=270.1435 deg, V=111.1931 deg (relocation detected; taught was Hz=272.7850 deg, V=111.4965 deg)",
69415,2026-10-08T13:05:15.113Z,WARNING,engine.cycle,monitored A9 measurement failed: TimeoutError: measurement exceeded 30.0s,
69414,2026-10-08T13:04:44.709Z,INFO,engine.cycle,"monitored A9: aiming at taught Hz=264.0514 deg, V=85.7013 deg (instrument in same position; prediction within 0.01 deg, ignoring)",
69413,2026-10-08T13:04:44.692Z,WARNING,engine.cycle,monitored A8 measurement failed: TimeoutError: measurement exceeded 30.0s,
69412,2026-10-08T13:04:14.133Z,INFO,engine.cycle,"monitored A8: aiming at taught Hz=264.0271 deg, V=88.4259 deg (instrument in same position; prediction within 0.01 deg, ignoring)",
69411,2026-10-08T13:04:14.115Z,WARNING,engine.cycle,monitored A7 measurement failed: TimeoutError: measurement exceeded 30.0s,
69410,2026-10-08T13:03:34.266Z,INFO,engine.cycle,"monitored A7: aiming at taught Hz=263.9734 deg, V=91.1301 deg (instrument in same position; prediction within 0.01 deg, ignoring)",
69409,2026-10-08T13:03:34.256Z,WARNING,engine.cycle,monitored A4 measurement failed: TimeoutError: measurement exceeded 30.0s,
69408,2026-10-08T13:02:53.474Z,INFO,engine.cycle,"monitored A4: aiming at taught Hz=264.0196 deg, V=100.7822 deg (instrument in same position; prediction within 0.01 deg, ignoring)",
69407,2026-10-08T13:02:53.474Z,WARNING,engine.cycle,monitored A2 result held as suspect: 1199.8 mm displacement; differs from prior candidate by 16.8 mm,
69406,2026-10-08T13:02:30.032Z,INFO,engine.cycle,"monitored A2 measured OK: Hz=263.9392 deg, V=108.4648 deg, dist=68.8023 m",
69405,2026-10-08T13:02:08.327Z,INFO,engine.cycle,"monitored A2: aiming at taught Hz=263.9401 deg, V=108.4640 deg (instrument in same position; prediction within 0.86 deg, ignoring)",
69404,2026-10-08T13:02:08.327Z,INFO,engine.cycle,"Cycle 250 transform: translation=0.0125 m, rotation=88.7922 deg (large values = instrument relocated)",
69403,2026-10-08T13:02:08.327Z,INFO,engine.cycle,"Cycle 250 per-reference residuals: R1=13.32mm, R2=14.44mm, R4=42.62mm, R5=17.80mm",
69402,2026-10-08T13:02:08.312Z,WARNING,engine.cycle,"Cycle 250 transform solved from 4 ref(s): RMS=25.10 mm -- unusually high, check for a misidentified/garbage ref reading above",
69401,2026-10-08T13:02:08.296Z,INFO,engine.cycle,"ref R5 measured OK: Hz=111.2265 deg, V=92.3162 deg, dist=17.2604 m",
69400,2026-10-08T13:01:45.176Z,INFO,engine.cycle,"ref R5: aiming at taught Hz=111.2265 deg, V=92.3147 deg",
69399,2026-10-08T13:01:45.150Z,INFO,engine.cycle,"ref R4 measured OK: Hz=105.5334 deg, V=88.3378 deg, dist=61.0585 m",
69398,2026-10-08T13:01:21.393Z,INFO,engine.cycle,"ref R4: aiming at taught Hz=105.5334 deg, V=88.3376 deg",
69397,2026-10-08T13:01:21.373Z,WARNING,engine.cycle,ref R3 measurement failed: TimeoutError: measurement exceeded 30.0s,
69396,2026-10-08T13:00:45.279Z,INFO,engine.cycle,"ref R3: aiming at taught Hz=100.3105 deg, V=90.3931 deg",
69395,2026-10-08T13:00:45.254Z,INFO,engine.cycle,"ref R2 measured OK: Hz=62.1502 deg, V=89.4322 deg, dist=18.7807 m",
69394,2026-10-08T13:00:22.367Z,INFO,engine.cycle,"ref R2: aiming at taught Hz=62.1506 deg, V=89.4324 deg",
69393,2026-10-08T13:00:22.348Z,INFO,engine.cycle,"ref R1 measured OK: Hz=21.6573 deg, V=91.2771 deg, dist=17.6161 m",
69392,2026-10-08T13:00:00.640Z,INFO,engine.cycle,"ref R1: aiming at taught Hz=21.6573 deg, V=91.2752 deg",
69391,2026-10-08T13:00:00.624Z,INFO,engine.cycle,"Compensator tilt at cycle start: cross=-0.0244 deg (-27.1 mgon), length=-0.0180 deg (-20.0 mgon)",
69390,2026-10-08T13:00:00.608Z,INFO,engine.cycle,"Cycle 250 starting: site='DeVinci-1', 5 ref(s), 61 monitored, faces=2",
69389,2026-10-08T11:39:32.694Z,INFO,engine.scheduler,cycle 249 -> cancelled,
69388,2026-10-08T11:39:22.236Z,WARNING,engine.cycle,Cycle 249 stopped by user during monitored measurement,
69387,2026-10-08T11:39:22.234Z,INFO,engine.cycle,"Cycle 249 transform: translation=0.0047 m, rotation=88.7874 deg (large values = instrument relocated)",
69386,2026-10-08T11:39:22.232Z,INFO,engine.cycle,"Cycle 249 per-reference residuals: R1=2.17mm, R3=0.50mm, R5=1.86mm",
69385,2026-10-08T11:39:22.230Z,INFO,engine.cycle,Cycle 249 transform solved from 3 ref(s): RMS=1.68 mm,
69384,2026-10-08T11:39:22.206Z,INFO,engine.cycle,"ref R5 measured OK: Hz=111.2265 deg, V=92.3147 deg, dist=17.2605 m",
69383,2026-10-08T11:38:51.331Z,INFO,engine.cycle,"ref R5: aiming at taught Hz=111.2268 deg, V=92.3153 deg",
69382,2026-10-08T11:38:51.316Z,WARNING,engine.cycle,ref R4 measurement failed: TimeoutError: measurement exceeded 30.0s,
69381,2026-10-08T11:38:15.375Z,INFO,engine.cycle,"ref R4: aiming at taught Hz=105.5334 deg, V=88.3376 deg",
69380,2026-10-08T11:38:15.352Z,INFO,engine.cycle,"ref R3 measured OK: Hz=100.3105 deg, V=90.3931 deg, dist=76.6123 m",
69379,2026-10-08T11:37:45.829Z,INFO,engine.cycle,"ref R3: aiming at taught Hz=100.3105 deg, V=90.3931 deg",
69378,2026-10-08T11:37:45.814Z,WARNING,engine.cycle,ref R2 measurement failed: TimeoutError: measurement exceeded 30.0s,
69377,2026-10-08T11:37:15.527Z,INFO,engine.cycle,"ref R2: aiming at taught Hz=62.1506 deg, V=89.4324 deg",
69376,2026-10-08T11:37:15.512Z,INFO,engine.cycle,"ref R1 measured OK: Hz=21.6573 deg, V=91.2752 deg, dist=17.6162 m",
69375,2026-10-08T11:36:46.609Z,INFO,engine.cycle,"ref R1: aiming at taught Hz=21.6571 deg, V=91.2778 deg",
69374,2026-10-08T11:36:46.606Z,WARNING,engine.cycle,"Compensator tilt at cycle start: cross=-0.0272 deg (-30.3 mgon), length=-0.0194 deg (-21.5 mgon) -- this is a significant tilt; if the instrument was recently moved, re-level it, or taught aim angles may fall outside the ATR search window for some targets",
69373,2026-10-08T11:36:46.592Z,INFO,engine.cycle,"Cycle 249 starting: site='DeVinci-1', 5 ref(s), 61 monitored, faces=2",
69372,2026-10-08T11:36:43.526Z,INFO,engine.scheduler,cycle 248 -> failed,
69371,2026-10-08T11:36:36.860Z,ERROR,engine.cycle,"Cycle 248 failed: need >=3 reference measurements, got 2",
69370,2026-10-08T11:36:36.854Z,WARNING,engine.cycle,ref R5 measurement failed: TimeoutError: measurement exceeded 30.0s,
69369,2026-10-08T11:35:58.507Z,INFO,engine.cycle,"ref R5: aiming at taught Hz=111.2268 deg, V=92.3153 deg",
69368,2026-10-08T11:35:58.495Z,WARNING,engine.cycle,ref R4 measurement failed: GeoComError: RPC 9027 (AUT_MakePositioning) failed with GRC 6,
69367,2026-10-08T11:35:43.427Z,INFO,engine.cycle,"ref R4: aiming at taught Hz=105.5334 deg, V=88.3376 deg",
69366,2026-10-08T11:35:43.415Z,INFO,engine.cycle,"ref R3 measured OK: Hz=100.3105 deg, V=90.3931 deg, dist=76.6122 m",
69365,2026-10-08T11:35:18.448Z,INFO,engine.cycle,"ref R3: aiming at taught Hz=100.3104 deg, V=90.3922 deg",
69364,2026-10-08T11:35:18.439Z,WARNING,engine.cycle,ref R2 measurement failed: GeoComError: RPC 9028 (AUT_ChangeFace) failed with GRC 6,
69363,2026-10-08T11:34:52.764Z,INFO,engine.cycle,"ref R2: aiming at taught Hz=62.1506 deg, V=89.4324 deg",
69362,2026-10-08T11:34:52.742Z,INFO,engine.cycle,"ref R1 measured OK: Hz=21.6571 deg, V=91.2778 deg, dist=17.6161 m",
69361,2026-10-08T11:34:33.457Z,INFO,engine.cycle,"ref R1: aiming at taught Hz=21.6577 deg, V=91.2780 deg",
69360,2026-10-08T11:34:33.454Z,INFO,engine.cycle,"Compensator tilt at cycle start: cross=-0.0218 deg (-24.2 mgon), length=-0.0146 deg (-16.2 mgon)",
69359,2026-10-08T11:34:33.411Z,INFO,engine.cycle,"Cycle 248 starting: site='DeVinci-1', 5 ref(s), 61 monitored, faces=2",
69358,2026-10-08T11:34:30.348Z,INFO,engine.scheduler,cycle 247 -> cancelled,
69357,2026-10-08T11:34:20.441Z,WARNING,engine.cycle,Cycle 247 stopped by user during monitored measurement,
69356,2026-10-08T11:34:20.439Z,WARNING,engine.cycle,monitored f6p10 measurement failed: GeoComError: RPC 9027 (AUT_MakePositioning) failed with GRC 6,
69355,2026-10-08T11:34:05.390Z,INFO,engine.cycle,"monitored f6p10: aiming at taught Hz=282.8873 deg, V=104.3653 deg (instrument in same position; prediction within 0.07 deg, ignoring)",
69354,2026-10-08T11:34:05.378Z,WARNING,engine.cycle,monitored f5p8 measurement failed: TimeoutError: measurement exceeded 30.0s,
69353,2026-10-08T11:33:26.838Z,INFO,engine.cycle,"monitored f5p8: aiming at taught Hz=279.8157 deg, V=107.8743 deg (instrument in same position; prediction within 0.08 deg, ignoring)",
69352,2026-10-08T11:33:26.826Z,WARNING,engine.cycle,monitored f5p7 result held as suspect: 89.1 mm displacement; differs from prior candidate by 35.9 mm,
69351,2026-10-08T11:32:58.923Z,INFO,engine.cycle,"monitored f5p7 measured OK: Hz=275.9829 deg, V=107.6886 deg, dist=61.5525 m",
69350,2026-10-08T11:32:31.223Z,INFO,engine.cycle,"monitored f5p7: aiming at taught Hz=275.9826 deg, V=107.6878 deg (instrument in same position; prediction within 0.07 deg, ignoring)",
69349,2026-10-08T11:32:31.207Z,WARNING,engine.cycle,monitored f5p13 result held as suspect: 95.9 mm displacement; repeat failed: measurement exceeded 30.0s,
69348,2026-10-08T11:31:57.503Z,INFO,engine.cycle,"monitored f5p13 measured OK: Hz=286.5489 deg, V=107.8574 deg, dist=61.7949 m",
69347,2026-10-08T11:31:28.872Z,INFO,engine.cycle,"monitored f5p13: aiming at taught Hz=286.5487 deg, V=107.8565 deg (instrument in same position; prediction within 0.08 deg, ignoring)",
69346,2026-10-08T11:31:28.859Z,WARNING,engine.cycle,monitored f5p10 result held as suspect: 90.9 mm displacement; repeat failed: measurement exceeded 30.0s,
69345,2026-10-08T11:30:57.353Z,INFO,engine.cycle,"monitored f5p10 measured OK: Hz=282.8666 deg, V=107.9013 deg, dist=59.7191 m",
69344,2026-10-08T11:30:30.890Z,INFO,engine.cycle,"monitored f5p10: aiming at taught Hz=282.8675 deg, V=107.9010 deg (instrument in same position; prediction within 0.08 deg, ignoring)",
69343,2026-10-08T11:30:30.880Z,WARNING,engine.cycle,"monitored f4p8 result held as suspect: 43.1 mm displacement; repeat agrees, awaiting next-cycle confirmation",
69342,2026-10-08T11:30:02.216Z,INFO,engine.cycle,"monitored f4p8 measured OK: Hz=279.8207 deg, V=111.1068 deg, dist=61.7514 m",
69341,2026-10-08T11:29:34.707Z,INFO,engine.cycle,"monitored f4p8: aiming at taught Hz=279.8207 deg, V=111.1062 deg (instrument in same position; prediction within 0.04 deg, ignoring)",
69340,2026-10-08T11:29:34.700Z,WARNING,engine.cycle,monitored f4p7 measurement failed: TimeoutError: measurement exceeded 30.0s,
69339,2026-10-08T11:28:58.173Z,INFO,engine.cycle,"monitored f4p7: aiming at taught Hz=275.9805 deg, V=110.6821 deg (instrument in same position; prediction within 0.07 deg, ignoring)",
69338,2026-10-08T11:28:58.167Z,WARNING,engine.cycle,monitored f4p4 result held as suspect: 92.6 mm displacement; differs from prior candidate by 52.9 mm,
69337,2026-10-08T11:28:28.907Z,INFO,engine.cycle,"monitored f4p4 measured OK: Hz=272.7843 deg, V=111.4971 deg, dist=63.5646 m",
69336,2026-10-08T11:28:00.514Z,INFO,engine.cycle,"monitored f4p4: aiming at taught Hz=272.7850 deg, V=111.4973 deg (instrument in same position; prediction within 0.07 deg, ignoring)",
69335,2026-10-08T11:28:00.496Z,WARNING,engine.cycle,monitored f4p14 result held as suspect: 60.5 mm displacement; repeat failed: measurement exceeded 30.0s,
69334,2026-10-08T11:27:21.043Z,INFO,engine.cycle,"monitored f4p14 measured OK: Hz=266.3913 deg, V=108.6849 deg, dist=74.8563 m",
69333,2026-10-08T11:26:54.822Z,INFO,engine.cycle,"monitored f4p14: aiming at taught Hz=266.3915 deg, V=108.6830 deg (instrument in same position; prediction within 0.04 deg, ignoring)",
69332,2026-10-08T11:26:54.811Z,WARNING,engine.cycle,"monitored f4p10 result held as suspect: 39.6 mm displacement; repeat agrees, awaiting next-cycle confirmation",
69331,2026-10-08T11:26:32.756Z,INFO,engine.cycle,"monitored f4p10 measured OK: Hz=282.8428 deg, V=111.1577 deg, dist=60.8350 m",
69330,2026-10-08T11:26:04.438Z,INFO,engine.cycle,"monitored f4p10: aiming at taught Hz=282.8444 deg, V=111.1582 deg (instrument in same position; prediction within 0.04 deg, ignoring)",
69329,2026-10-08T11:26:04.429Z,WARNING,engine.cycle,monitored I11 measurement failed: TimeoutError: measurement exceeded 30.0s,
69328,2026-10-08T11:25:28.894Z,INFO,engine.cycle,"monitored I11: aiming at taught Hz=286.0922 deg, V=87.1258 deg (instrument in same position; prediction within 0.83 deg, ignoring)",
69327,2026-10-08T11:25:28.893Z,WARNING,engine.cycle,monitored I10 measurement failed: TimeoutError: measurement exceeded 30.0s,
69326,2026-10-08T11:24:53.254Z,INFO,engine.cycle,"monitored I10: aiming at taught Hz=285.2005 deg, V=90.3288 deg (instrument in same position; prediction within 0.02 deg, ignoring)",
69325,2026-10-08T11:24:53.247Z,WARNING,engine.cycle,monitored H7 measurement failed: TimeoutError: measurement exceeded 30.0s,
69324,2026-10-08T11:24:17.820Z,INFO,engine.cycle,"monitored H7: aiming at taught Hz=286.0067 deg, V=100.7580 deg (instrument in same position; prediction within 0.03 deg, ignoring)",
69323,2026-10-08T11:24:17.801Z,WARNING,engine.cycle,monitored H6 measurement failed: TimeoutError: measurement exceeded 30.0s,
69322,2026-10-08T11:23:46.532Z,INFO,engine.cycle,"monitored H6: aiming at taught Hz=285.9256 deg, V=104.3601 deg (instrument in same position; prediction within 0.03 deg, ignoring)",
69321,2026-10-08T11:23:46.508Z,WARNING,engine.cycle,monitored H13 measurement failed: TimeoutError: measurement exceeded 30.0s,
69320,2026-10-08T11:23:14.133Z,INFO,engine.cycle,"monitored H13: aiming at taught Hz=286.1275 deg, V=80.7768 deg (instrument in same position; prediction within 0.02 deg, ignoring)",
69319,2026-10-08T11:23:14.117Z,WARNING,engine.cycle,monitored H11 measurement failed: TimeoutError: measurement exceeded 30.0s,
69318,2026-10-08T11:22:40.178Z,INFO,engine.cycle,"monitored H11: aiming at taught Hz=286.0922 deg, V=87.1266 deg (instrument in same position; prediction within 0.02 deg, ignoring)",
69317,2026-10-08T11:22:40.161Z,WARNING,engine.cycle,monitored H10 result held as suspect: 24.7 mm displacement; repeat failed: measurement exceeded 30.0s,
69316,2026-10-08T11:21:57.492Z,INFO,engine.cycle,"monitored H10 measured OK: Hz=286.1858 deg, V=90.3084 deg, dist=58.8868 m",
69315,2026-10-08T11:21:35.862Z,INFO,engine.cycle,"monitored H10: aiming at taught Hz=286.1850 deg, V=90.3028 deg (instrument in same position; prediction within 0.02 deg, ignoring)",
69314,2026-10-08T11:21:35.852Z,WARNING,engine.cycle,monitored G11 result held as suspect: 7686.7 mm displacement; differs from prior candidate by 25.1 mm,
69313,2026-10-08T11:21:12.392Z,INFO,engine.cycle,"monitored G11 measured OK: Hz=282.5864 deg, V=88.3199 deg, dist=56.3766 m",
69312,2026-10-08T11:20:42.977Z,INFO,engine.cycle,"monitored G11: aiming at taught Hz=282.5874 deg, V=88.3202 deg (instrument in same position; prediction within 1.46 deg, ignoring)",
69311,2026-10-08T11:20:42.969Z,WARNING,engine.cycle,monitored G10 result held as suspect: 33.0 mm displacement; repeat failed: measurement exceeded 30.0s,
69310,2026-10-08T11:20:11.460Z,INFO,engine.cycle,"monitored G10 measured OK: Hz=281.1484 deg, V=90.1402 deg, dist=63.8378 m",
69309,2026-10-08T11:19:44.828Z,INFO,engine.cycle,"monitored G10: aiming at taught Hz=281.1471 deg, V=90.1403 deg (instrument in same position; prediction within 0.02 deg, ignoring)",
69308,2026-10-08T11:19:44.807Z,WARNING,engine.cycle,monitored F11 measurement failed: TimeoutError: measurement exceeded 30.0s,
69307,2026-10-08T11:19:09.354Z,INFO,engine.cycle,"monitored F11: aiming at taught Hz=281.1137 deg, V=87.1384 deg (instrument in same position; prediction within 1.16 deg, ignoring)",
69306,2026-10-08T11:19:09.347Z,WARNING,engine.cycle,monitored F10 measurement failed: TimeoutError: measurement exceeded 30.0s,
69305,2026-10-08T11:18:38.202Z,INFO,engine.cycle,"monitored F10: aiming at taught Hz=279.8660 deg, V=90.3136 deg (instrument in same position; prediction within 0.02 deg, ignoring)",
69304,2026-10-08T11:18:38.185Z,WARNING,engine.cycle,monitored E7 measurement failed: TimeoutError: measurement exceeded 30.0s,
69303,2026-10-08T11:18:03.392Z,INFO,engine.cycle,"monitored E7: aiming at taught Hz=272.7767 deg, V=100.8021 deg (instrument in same position; prediction within 0.03 deg, ignoring)",
69302,2026-10-08T11:18:03.382Z,WARNING,engine.cycle,monitored E6 measurement failed: TimeoutError: measurement exceeded 30.0s,
69301,2026-10-08T11:17:24.573Z,INFO,engine.cycle,"monitored E6: aiming at taught Hz=272.7800 deg, V=105.7047 deg (instrument in same position; prediction within 0.04 deg, ignoring)",
69300,2026-10-08T11:17:24.563Z,WARNING,engine.cycle,monitored E5 measurement failed: TimeoutError: measurement exceeded 30.0s,
69299,2026-10-08T11:16:47.598Z,INFO,engine.cycle,"monitored E5: aiming at taught Hz=272.7017 deg, V=108.5295 deg (instrument in same position; prediction within 0.04 deg, ignoring)",
69298,2026-10-08T11:16:47.582Z,WARNING,engine.cycle,monitored D9 measurement failed: TimeoutError: measurement exceeded 30.0s,
69297,2026-10-08T11:16:08.488Z,INFO,engine.cycle,"monitored D9: aiming at taught Hz=282.5667 deg, V=85.1115 deg (instrument in same position; prediction within 0.03 deg, ignoring)",
69296,2026-10-08T11:16:08.462Z,WARNING,engine.cycle,monitored D8 measurement failed: TimeoutError: measurement exceeded 30.0s,
69295,2026-10-08T11:15:34.615Z,INFO,engine.cycle,"monitored D8: aiming at taught Hz=281.1153 deg, V=87.1389 deg (instrument in same position; prediction within 1.49 deg, ignoring)",
69294,2026-10-08T11:15:34.597Z,WARNING,engine.cycle,monitored D7 measurement failed: TimeoutError: measurement exceeded 30.0s,
69293,2026-10-08T11:14:59.445Z,INFO,engine.cycle,"monitored D7: aiming at taught Hz=282.5439 deg, V=91.6598 deg (instrument in same position; prediction within 0.02 deg, ignoring)",
69292,2026-10-08T11:14:59.427Z,WARNING,engine.cycle,monitored D6 measurement failed: TimeoutError: measurement exceeded 30.0s,
69291,2026-10-08T11:14:22.345Z,INFO,engine.cycle,"monitored D6: aiming at taught Hz=282.5232 deg, V=95.3495 deg (instrument in same position; prediction within 0.02 deg, ignoring)",
69290,2026-10-08T11:14:22.329Z,WARNING,engine.cycle,monitored D5 measurement failed: TimeoutError: measurement exceeded 30.0s,
69289,2026-10-08T11:13:38.142Z,INFO,engine.cycle,"monitored D5: aiming at taught Hz=282.5865 deg, V=99.0667 deg (instrument in same position; prediction within 0.03 deg, ignoring)",
69288,2026-10-08T11:13:38.122Z,WARNING,engine.cycle,monitored D4 result held as suspect: 44.2 mm displacement; repeat failed: measurement exceeded 30.0s,
69287,2026-10-08T11:13:04.871Z,INFO,engine.cycle,"monitored D4 measured OK: Hz=282.5740 deg, V=102.6789 deg, dist=57.7734 m",
69286,2026-10-08T11:12:35.347Z,INFO,engine.cycle,"monitored D4: aiming at taught Hz=282.5748 deg, V=102.6807 deg (instrument in same position; prediction within 0.03 deg, ignoring)",
69285,2026-10-08T11:12:35.329Z,WARNING,engine.cycle,monitored D3 measurement failed: TimeoutError: measurement exceeded 30.0s,
69284,2026-10-08T11:12:01.266Z,INFO,engine.cycle,"monitored D3: aiming at taught Hz=282.5950 deg, V=106.1703 deg (instrument in same position; prediction within 0.04 deg, ignoring)",
69283,2026-10-08T11:12:01.254Z,WARNING,engine.cycle,monitored D2 measurement failed: GeoComError: RPC 9027 (AUT_MakePositioning) failed with GRC 6,
69282,2026-10-08T11:11:46.182Z,INFO,engine.cycle,"monitored D2: aiming at taught Hz=282.5788 deg, V=109.5506 deg (instrument in same position; prediction within 0.05 deg, ignoring)",
69281,2026-10-08T11:11:46.169Z,WARNING,engine.cycle,monitored D10 measurement failed: TimeoutError: measurement exceeded 30.0s,
69280,2026-10-08T11:11:08.581Z,INFO,engine.cycle,"monitored D10: aiming at taught Hz=282.5251 deg, V=81.8355 deg (instrument in same position; prediction within 0.03 deg, ignoring)",
69279,2026-10-08T11:11:08.566Z,WARNING,engine.cycle,monitored D1 measurement failed: TimeoutError: measurement exceeded 30.0s,
69278,2026-10-08T11:10:26.746Z,INFO,engine.cycle,"monitored D1: aiming at taught Hz=282.5936 deg, V=112.8236 deg (instrument in same position; prediction within 0.05 deg, ignoring)",
69277,2026-10-08T11:10:26.730Z,WARNING,engine.cycle,monitored C9 measurement failed: TimeoutError: measurement exceeded 30.0s,
69276,2026-10-08T11:09:49.376Z,INFO,engine.cycle,"monitored C9: aiming at taught Hz=276.0803 deg, V=85.4558 deg (instrument in same position; prediction within 0.03 deg, ignoring)",
69275,2026-10-08T11:09:49.376Z,WARNING,engine.cycle,"monitored C8 result held as suspect: 37.8 mm displacement; repeat agrees, awaiting next-cycle confirmation",
69274,2026-10-08T11:09:19.865Z,INFO,engine.cycle,"monitored C8 measured OK: Hz=276.0790 deg, V=88.5192 deg, dist=58.4911 m",
69273,2026-10-08T11:08:54.994Z,INFO,engine.cycle,"monitored C8: aiming at taught Hz=276.0801 deg, V=88.5185 deg (instrument in same position; prediction within 0.03 deg, ignoring)",
69272,2026-10-08T11:08:54.983Z,WARNING,engine.cycle,"monitored C7 result held as suspect: 40.7 mm displacement; repeat agrees, awaiting next-cycle confirmation",
69271,2026-10-08T11:08:32.911Z,INFO,engine.cycle,"monitored C7 measured OK: Hz=276.0647 deg, V=91.6892 deg, dist=58.5146 m",
69270,2026-10-08T11:08:10.806Z,INFO,engine.cycle,"monitored C7: aiming at taught Hz=276.0660 deg, V=91.6897 deg (instrument in same position; prediction within 0.03 deg, ignoring)",
69269,2026-10-08T11:08:10.796Z,WARNING,engine.cycle,"monitored C6 result held as suspect: 42.3 mm displacement; repeat agrees, awaiting next-cycle confirmation",
69268,2026-10-08T11:07:44.202Z,INFO,engine.cycle,"monitored C6 measured OK: Hz=276.0357 deg, V=95.2753 deg, dist=58.7715 m",
69267,2026-10-08T11:07:18.870Z,INFO,engine.cycle,"monitored C6: aiming at taught Hz=276.0349 deg, V=95.2811 deg (instrument in same position; prediction within 0.03 deg, ignoring)",
69266,2026-10-08T11:07:18.863Z,WARNING,engine.cycle,"monitored C5 result held as suspect: 43.9 mm displacement; repeat agrees, awaiting next-cycle confirmation",
69265,2026-10-08T11:06:53.858Z,INFO,engine.cycle,"monitored C5 measured OK: Hz=276.0972 deg, V=98.7777 deg, dist=59.1938 m",
69264,2026-10-08T11:06:24.162Z,INFO,engine.cycle,"monitored C5: aiming at taught Hz=276.0977 deg, V=98.7764 deg (instrument in same position; prediction within 0.03 deg, ignoring)",
69263,2026-10-08T11:06:24.145Z,WARNING,engine.cycle,monitored C4 measurement failed: TimeoutError: measurement exceeded 30.0s,
69262,2026-10-08T11:05:43.425Z,INFO,engine.cycle,"monitored C4: aiming at taught Hz=276.1107 deg, V=102.2856 deg (instrument in same position; prediction within 0.03 deg, ignoring)",
69261,2026-10-08T11:05:43.409Z,WARNING,engine.cycle,monitored C3 result held as suspect: 52.3 mm displacement; repeat failed: measurement exceeded 30.0s,
69260,2026-10-08T11:05:10.347Z,INFO,engine.cycle,"monitored C3 measured OK: Hz=276.0617 deg, V=105.5070 deg, dist=60.7283 m",
69259,2026-10-08T11:04:40.436Z,INFO,engine.cycle,"monitored C3: aiming at taught Hz=276.0609 deg, V=105.5063 deg (instrument in same position; prediction within 0.04 deg, ignoring)",
69258,2026-10-08T11:04:40.427Z,WARNING,engine.cycle,monitored C2 result held as suspect: 55.1 mm displacement; differs from prior candidate by 36.2 mm,
69257,2026-10-08T11:04:12.392Z,INFO,engine.cycle,"monitored C2 measured OK: Hz=276.0792 deg, V=108.7126 deg, dist=61.7603 m",
69256,2026-10-08T11:03:46.275Z,INFO,engine.cycle,"monitored C2: aiming at taught Hz=276.0782 deg, V=108.7112 deg (instrument in same position; prediction within 0.04 deg, ignoring)",
69255,2026-10-08T11:03:46.258Z,WARNING,engine.cycle,monitored C10 measurement failed: TimeoutError: measurement exceeded 30.0s,
69254,2026-10-08T11:03:21.919Z,WARNING,instrument.leica,"ATR fine-adjust failed, measuring at the coarse taught angle instead: RPC 9037 (AUT_FineAdjust) failed with GRC 8710",
69253,2026-10-08T11:03:03.897Z,INFO,engine.cycle,"monitored C10: aiming at taught Hz=276.0846 deg, V=82.1135 deg (instrument in same position; prediction within 0.03 deg, ignoring)",
69252,2026-10-08T11:03:03.880Z,WARNING,engine.cycle,monitored C1 measurement failed: TimeoutError: measurement exceeded 30.0s,
69251,2026-10-08T11:02:18.161Z,INFO,engine.cycle,"monitored C1: aiming at taught Hz=276.1411 deg, V=111.9541 deg (instrument in same position; prediction within 0.05 deg, ignoring)",
69250,2026-10-08T11:02:18.146Z,WARNING,engine.cycle,monitored B6 measurement failed: GeoComError: RPC 9027 (AUT_MakePositioning) failed with GRC 6,
69249,2026-10-08T11:02:03.083Z,INFO,engine.cycle,"monitored B6: aiming at taught Hz=270.2427 deg, V=98.2247 deg (instrument in same position; prediction within 0.04 deg, ignoring)",
69248,2026-10-08T11:02:03.065Z,WARNING,engine.cycle,monitored B5 measurement failed: TimeoutError: measurement exceeded 30.0s,
69247,2026-10-08T11:01:14.708Z,INFO,engine.cycle,"monitored B5: aiming at taught Hz=270.1404 deg, V=101.5625 deg (instrument in same position; prediction within 0.04 deg, ignoring)",
69246,2026-10-08T11:01:14.699Z,WARNING,engine.cycle,monitored B2 measurement failed: GeoComError: RPC 17017 (BAP_MeasDistanceAngle) failed with GRC 8710,
69245,2026-10-08T11:01:03.156Z,INFO,engine.cycle,"monitored B2: aiming at taught Hz=270.1221 deg, V=107.9612 deg (instrument in same position; prediction within 0.04 deg, ignoring)",
69244,2026-10-08T11:01:03.139Z,WARNING,engine.cycle,monitored B1 measurement failed: TimeoutError: measurement exceeded 30.0s,
69243,2026-10-08T11:00:27.660Z,INFO,engine.cycle,"monitored B1: aiming at predicted Hz=270.1834 deg, V=111.2371 deg (relocation detected; taught was Hz=272.7850 deg, V=111.4965 deg)",
69242,2026-10-08T11:00:27.650Z,WARNING,engine.cycle,monitored A9 result held as suspect: 52.2 mm displacement; repeat failed: measurement exceeded 30.0s,
69241,2026-10-08T10:59:46.335Z,INFO,engine.cycle,"monitored A9 measured OK: Hz=264.0514 deg, V=85.7013 deg, dist=65.2234 m",
69240,2026-10-08T10:59:20.253Z,INFO,engine.cycle,"monitored A9: aiming at taught Hz=264.0523 deg, V=85.7084 deg (instrument in same position; prediction within 0.04 deg, ignoring)",
69239,2026-10-08T10:59:20.249Z,WARNING,engine.cycle,monitored A8 measurement failed: TimeoutError: measurement exceeded 30.0s,
69238,2026-10-08T10:58:47.862Z,INFO,engine.cycle,"monitored A8: aiming at taught Hz=264.0271 deg, V=88.4259 deg (instrument in same position; prediction within 0.05 deg, ignoring)",
69237,2026-10-08T10:58:47.856Z,WARNING,engine.cycle,monitored A7 result held as suspect: 56.2 mm displacement; repeat failed: measurement exceeded 30.0s,
69236,2026-10-08T10:58:04.581Z,INFO,engine.cycle,"monitored A7 measured OK: Hz=263.9734 deg, V=91.1301 deg, dist=65.1199 m",
69235,2026-10-08T10:57:40.453Z,INFO,engine.cycle,"monitored A7: aiming at taught Hz=263.9742 deg, V=91.1299 deg (instrument in same position; prediction within 0.04 deg, ignoring)",
69234,2026-10-08T10:57:40.437Z,WARNING,engine.cycle,monitored A4 result held as suspect: 63.3 mm displacement; repeat failed: measurement exceeded 30.0s,
69233,2026-10-08T10:57:07.332Z,INFO,engine.cycle,"monitored A4 measured OK: Hz=264.0196 deg, V=100.7822 deg, dist=66.2352 m",
69232,2026-10-08T10:56:43.180Z,INFO,engine.cycle,"monitored A4: aiming at taught Hz=264.0204 deg, V=100.7822 deg (instrument in same position; prediction within 0.04 deg, ignoring)",
69231,2026-10-08T10:56:43.171Z,WARNING,engine.cycle,monitored A2 measurement failed: TimeoutError: measurement exceeded 30.0s,
69230,2026-10-08T10:56:11.854Z,INFO,engine.cycle,"monitored A2: aiming at taught Hz=263.9401 deg, V=108.4640 deg (instrument in same position; prediction within 0.81 deg, ignoring)",
69229,2026-10-08T10:56:11.836Z,INFO,engine.cycle,"Cycle 247 transform: translation=0.0251 m, rotation=88.7958 deg (large values = instrument relocated)",
69228,2026-10-08T10:56:11.836Z,INFO,engine.cycle,"Cycle 247 per-reference residuals: R2=18.26mm, R3=19.80mm, R4=37.10mm",
69227,2026-10-08T10:56:11.836Z,WARNING,engine.cycle,"Cycle 247 transform solved from 3 ref(s): RMS=26.47 mm -- unusually high, check for a misidentified/garbage ref reading above",
69226,2026-10-08T10:56:11.821Z,WARNING,engine.cycle,ref R5 measurement failed: GeoComError: RPC 9028 (AUT_ChangeFace) failed with GRC 6,
69225,2026-10-08T10:55:45.102Z,INFO,engine.cycle,"ref R5: aiming at taught Hz=111.2268 deg, V=92.3153 deg",
69224,2026-10-08T10:55:45.087Z,INFO,engine.cycle,"ref R4 measured OK: Hz=105.5334 deg, V=88.3376 deg, dist=61.0585 m",
69223,2026-10-08T10:55:17.424Z,INFO,engine.cycle,"ref R4: aiming at taught Hz=105.5342 deg, V=88.3391 deg",
69222,2026-10-08T10:55:17.419Z,INFO,engine.cycle,"ref R3 measured OK: Hz=100.3104 deg, V=90.3922 deg, dist=76.6120 m",
69221,2026-10-08T10:54:48.302Z,INFO,engine.cycle,"ref R3: aiming at taught Hz=100.3110 deg, V=90.3935 deg",
69220,2026-10-08T10:54:48.285Z,INFO,engine.cycle,"ref R2 measured OK: Hz=62.1506 deg, V=89.4324 deg, dist=18.7807 m",
69219,2026-10-08T10:54:23.926Z,INFO,engine.cycle,"ref R2: aiming at taught Hz=62.1508 deg, V=89.4317 deg",
69218,2026-10-08T10:54:23.909Z,WARNING,engine.cycle,ref R1 measurement failed: TimeoutError: measurement exceeded 30.0s,
69217,2026-10-08T10:53:52.233Z,INFO,engine.cycle,"ref R1: aiming at taught Hz=21.6577 deg, V=91.2780 deg",
69216,2026-10-08T10:53:52.223Z,WARNING,engine.cycle,"Compensator tilt at cycle start: cross=-0.0365 deg (-40.5 mgon), length=-0.0281 deg (-31.2 mgon) -- this is a significant tilt; if the instrument was recently moved, re-level it, or taught aim angles may fall outside the ATR search window for some targets",
69215,2026-10-08T10:53:52.207Z,INFO,engine.cycle,"Cycle 247 starting: site='DeVinci-1', 5 ref(s), 61 monitored, faces=2",
69214,2026-10-08T09:59:54.826Z,INFO,api.state,Auto-reconnected via tcp (TM60 0.5 R1000 S/N 966900),
69213,2026-10-08T09:59:54.770Z,INFO,geocom.transport,Connecting TCP 192.168.254.3:1212,
69212,2026-10-08T09:59:53.751Z,INFO,engine.scheduler,Preventive instrument app restart (interval=86400s since last restart),
69211,2026-10-08T09:35:50.657Z,INFO,sync.publisher,"Published 32 message(s), 0 failed, 0 pending",
69210,2026-10-08T09:35:46.413Z,INFO,sync.publisher,MQTT connected to 34.38.96.215:8883,
69209,2026-10-08T09:35:45.181Z,INFO,engine.scheduler,cycle 246 -> ok,
69208,2026-10-08T09:35:42.132Z,INFO,engine.cycle,"Cycle 246 ok: 5 refs, 43 monitored, RMS 23.43 mm",
69207,2026-10-08T09:35:42.117Z,WARNING,engine.cycle,monitored f8p13 result held as suspect: 87.2 mm displacement; repeat differs by 4.5 mm,
69206,2026-10-08T09:35:17.153Z,INFO,engine.cycle,"monitored f8p13 measured OK: Hz=286.4952 deg, V=97.7033 deg, dist=59.3569 m",
69205,2026-10-08T09:34:53.762Z,INFO,engine.cycle,"monitored f8p13: aiming at taught Hz=286.4942 deg, V=97.7122 deg (instrument in same position; prediction within 0.09 deg, ignoring)",
69204,2026-10-08T09:34:53.746Z,INFO,engine.cycle,"monitored f8p10 measured OK: Hz=282.8637 deg, V=97.3869 deg, dist=57.2723 m",
69203,2026-10-08T09:34:26.290Z,INFO,engine.cycle,"monitored f8p10: aiming at taught Hz=282.8622 deg, V=97.3854 deg (instrument in same position; prediction within 0.00 deg, ignoring)",
69202,2026-10-08T09:34:26.290Z,WARNING,engine.cycle,monitored f8p1 measurement failed: TimeoutError: measurement exceeded 30.0s,
69201,2026-10-08T09:33:50.321Z,INFO,engine.cycle,"monitored f8p1: aiming at predicted Hz=264.0346 deg, V=97.7049 deg (relocation detected; taught was Hz=266.7690 deg, V=99.6853 deg)",
69200,2026-10-08T09:33:50.303Z,WARNING,engine.cycle,monitored f7p8 measurement failed: TimeoutError: measurement exceeded 30.0s,
69199,2026-10-08T09:33:09.568Z,INFO,engine.cycle,"monitored f7p8: aiming at taught Hz=279.8864 deg, V=101.1542 deg (instrument in same position; prediction within 0.01 deg, ignoring)",
69198,2026-10-08T09:33:09.540Z,INFO,engine.cycle,"monitored f7p14 measured OK: Hz=266.7703 deg, V=99.6863 deg, dist=71.6821 m",
69197,2026-10-08T09:32:41.761Z,INFO,engine.cycle,"monitored f7p14: aiming at taught Hz=266.7680 deg, V=99.6853 deg (instrument in same position; prediction within 0.00 deg, ignoring)",
69196,2026-10-08T09:32:41.745Z,WARNING,engine.cycle,monitored f6p8 measurement failed: TimeoutError: measurement exceeded 30.0s,
69195,2026-10-08T09:32:05.918Z,INFO,engine.cycle,"monitored f6p8: aiming at taught Hz=279.8442 deg, V=104.4388 deg (instrument in same position; prediction within 0.01 deg, ignoring)",
69194,2026-10-08T09:32:05.902Z,WARNING,engine.cycle,monitored f6p7 measurement failed: TimeoutError: measurement exceeded 30.0s,
69193,2026-10-08T09:31:33.893Z,INFO,engine.cycle,"monitored f6p7: aiming at taught Hz=275.9811 deg, V=104.3912 deg (instrument in same position; prediction within 0.10 deg, ignoring)",
69192,2026-10-08T09:31:33.880Z,WARNING,engine.cycle,monitored f6p14 measurement failed: TimeoutError: measurement exceeded 30.0s,
69191,2026-10-08T09:30:37.166Z,INFO,engine.cycle,"monitored f6p14: aiming at taught Hz=266.7563 deg, V=103.1669 deg (instrument in same position; prediction within 0.00 deg, ignoring)",
69190,2026-10-08T09:30:37.150Z,WARNING,engine.cycle,monitored f6p10 measurement failed: GeoComError: RPC 9027 (AUT_MakePositioning) failed with GRC 6,
69189,2026-10-08T09:30:22.096Z,INFO,engine.cycle,"monitored f6p10: aiming at taught Hz=282.8873 deg, V=104.3653 deg (instrument in same position; prediction within 0.09 deg, ignoring)",
69188,2026-10-08T09:30:22.083Z,WARNING,engine.cycle,monitored f5p8 result held as suspect: 102.5 mm displacement; differs from prior candidate by 17.2 mm,
69187,2026-10-08T09:29:55.637Z,INFO,engine.cycle,"monitored f5p8 measured OK: Hz=279.8157 deg, V=107.8743 deg, dist=60.4954 m",
69186,2026-10-08T09:29:27.808Z,INFO,engine.cycle,"monitored f5p8: aiming at taught Hz=279.8143 deg, V=107.8735 deg (instrument in same position; prediction within 0.10 deg, ignoring)",
69185,2026-10-08T09:29:27.801Z,WARNING,engine.cycle,monitored f5p7 measurement failed: TimeoutError: measurement exceeded 30.0s,
69184,2026-10-08T09:28:39.236Z,INFO,engine.cycle,"monitored f5p7: aiming at taught Hz=275.9826 deg, V=107.6878 deg (instrument in same position; prediction within 0.10 deg, ignoring)",
69183,2026-10-08T09:28:39.236Z,WARNING,engine.cycle,monitored f5p13 result held as suspect: 101.0 mm displacement; differs from prior candidate by 16.4 mm,
69182,2026-10-08T09:28:14.780Z,INFO,engine.cycle,"monitored f5p13 measured OK: Hz=286.5487 deg, V=107.8565 deg, dist=61.7948 m",
69181,2026-10-08T09:27:50.465Z,INFO,engine.cycle,"monitored f5p13: aiming at taught Hz=286.5477 deg, V=107.8560 deg (instrument in same position; prediction within 0.09 deg, ignoring)",
69180,2026-10-08T09:27:50.451Z,WARNING,engine.cycle,monitored f5p10 result held as suspect: 99.9 mm displacement; differs from prior candidate by 16.6 mm,
69179,2026-10-08T09:27:21.092Z,INFO,engine.cycle,"monitored f5p10 measured OK: Hz=282.8675 deg, V=107.9010 deg, dist=59.7192 m",
69178,2026-10-08T09:26:56.581Z,INFO,engine.cycle,"monitored f5p10: aiming at taught Hz=282.8659 deg, V=107.9004 deg (instrument in same position; prediction within 0.10 deg, ignoring)",
69177,2026-10-08T09:26:56.553Z,INFO,engine.cycle,"monitored f4p8 measured OK: Hz=279.8207 deg, V=111.1062 deg, dist=61.7514 m",
69176,2026-10-08T09:26:26.796Z,INFO,engine.cycle,"monitored f4p8: aiming at taught Hz=279.8198 deg, V=111.1048 deg (instrument in same position; prediction within 0.00 deg, ignoring)",
69175,2026-10-08T09:26:26.789Z,WARNING,engine.cycle,monitored f4p7 result held as suspect: 107.9 mm displacement; repeat failed: measurement exceeded 30.0s,
69174,2026-10-08T09:25:53.596Z,INFO,engine.cycle,"monitored f4p7 measured OK: Hz=275.9805 deg, V=110.6821 deg, dist=62.6705 m",
69173,2026-10-08T09:25:25.702Z,INFO,engine.cycle,"monitored f4p7: aiming at taught Hz=275.9787 deg, V=110.6814 deg (instrument in same position; prediction within 0.10 deg, ignoring)",
69172,2026-10-08T09:25:25.685Z,WARNING,engine.cycle,monitored f4p4 result held as suspect: 111.1 mm displacement; differs from prior candidate by 19.2 mm,
69171,2026-10-08T09:24:57.233Z,INFO,engine.cycle,"monitored f4p4 measured OK: Hz=272.7850 deg, V=111.4973 deg, dist=63.5647 m",
69170,2026-10-08T09:24:32.143Z,INFO,engine.cycle,"monitored f4p4: aiming at taught Hz=272.7830 deg, V=111.4956 deg (instrument in same position; prediction within 0.10 deg, ignoring)",
69169,2026-10-08T09:24:32.115Z,INFO,engine.cycle,"monitored f4p14 measured OK: Hz=266.3915 deg, V=108.6830 deg, dist=74.8561 m",
69168,2026-10-08T09:24:05.292Z,INFO,engine.cycle,"monitored f4p14: aiming at taught Hz=266.3913 deg, V=108.6861 deg (instrument in same position; prediction within 0.00 deg, ignoring)",
69167,2026-10-08T09:24:05.260Z,INFO,engine.cycle,"monitored f4p10 measured OK: Hz=282.8444 deg, V=111.1582 deg, dist=60.8349 m",
69166,2026-10-08T09:23:35.258Z,INFO,engine.cycle,"monitored f4p10: aiming at taught Hz=282.8423 deg, V=111.1576 deg (instrument in same position; prediction within 0.01 deg, ignoring)",
69165,2026-10-08T09:23:35.249Z,WARNING,engine.cycle,monitored I11 result held as suspect: 3954.7 mm displacement; differs from prior candidate by 16.5 mm,
69164,2026-10-08T09:23:10.236Z,INFO,engine.cycle,"monitored I11 measured OK: Hz=286.0922 deg, V=87.1258 deg, dist=58.9801 m",
69163,2026-10-08T09:22:46.062Z,INFO,engine.cycle,"monitored I11: aiming at taught Hz=286.0905 deg, V=87.1256 deg (instrument in same position; prediction within 0.83 deg, ignoring)",
69162,2026-10-08T09:22:46.035Z,INFO,engine.cycle,"monitored I10 measured OK: Hz=285.2005 deg, V=90.3288 deg, dist=62.7808 m",
69161,2026-10-08T09:22:23.383Z,INFO,engine.cycle,"monitored I10: aiming at taught Hz=285.1985 deg, V=90.3327 deg (instrument in same position; prediction within 0.01 deg, ignoring)",
69160,2026-10-08T09:22:23.360Z,INFO,engine.cycle,"monitored H7 measured OK: Hz=286.0067 deg, V=100.7580 deg, dist=59.9806 m",
69159,2026-10-08T09:22:02.179Z,INFO,engine.cycle,"monitored H7: aiming at taught Hz=286.0044 deg, V=100.7580 deg (instrument in same position; prediction within 0.01 deg, ignoring)",
69158,2026-10-08T09:22:02.163Z,INFO,engine.cycle,"monitored H6 measured OK: Hz=285.9256 deg, V=104.3601 deg, dist=60.8456 m",
69157,2026-10-08T09:21:41.140Z,INFO,engine.cycle,"monitored H6: aiming at taught Hz=285.9236 deg, V=104.3597 deg (instrument in same position; prediction within 0.01 deg, ignoring)",
69156,2026-10-08T09:21:41.108Z,INFO,engine.cycle,"monitored H13 measured OK: Hz=286.1275 deg, V=80.7768 deg, dist=59.6694 m",
69155,2026-10-08T09:21:17.277Z,INFO,engine.cycle,"monitored H13: aiming at taught Hz=286.1254 deg, V=80.7775 deg (instrument in same position; prediction within 0.00 deg, ignoring)",
69154,2026-10-08T09:21:17.260Z,INFO,engine.cycle,"monitored H11 measured OK: Hz=286.0922 deg, V=87.1266 deg, dist=58.9802 m",
69153,2026-10-08T09:20:50.372Z,INFO,engine.cycle,"monitored H11: aiming at taught Hz=285.3948 deg, V=86.8794 deg (instrument in same position; prediction within 0.70 deg, ignoring)",
69152,2026-10-08T09:20:50.359Z,WARNING,engine.cycle,monitored H10 measurement failed: TimeoutError: measurement exceeded 30.0s,
69151,2026-10-08T09:20:17.302Z,INFO,engine.cycle,"monitored H10: aiming at taught Hz=286.1850 deg, V=90.3028 deg (instrument in same position; prediction within 0.00 deg, ignoring)",
69150,2026-10-08T09:20:17.284Z,WARNING,engine.cycle,monitored G11 result held as suspect: 7685.0 mm displacement; repeat failed: measurement exceeded 30.0s,
69149,2026-10-08T09:19:46.255Z,INFO,engine.cycle,"monitored G11 measured OK: Hz=282.5874 deg, V=88.3202 deg, dist=56.3770 m",
69148,2026-10-08T09:19:22.522Z,INFO,engine.cycle,"monitored G11: aiming at taught Hz=282.5855 deg, V=88.3208 deg (instrument in same position; prediction within 1.47 deg, ignoring)",
69147,2026-10-08T09:19:22.506Z,WARNING,engine.cycle,monitored G10 measurement failed: TimeoutError: measurement exceeded 30.0s,
69146,2026-10-08T09:18:50.679Z,INFO,engine.cycle,"monitored G10: aiming at taught Hz=281.1471 deg, V=90.1403 deg (instrument in same position; prediction within 0.00 deg, ignoring)",
69145,2026-10-08T09:18:50.662Z,WARNING,engine.cycle,monitored F11 measurement failed: TimeoutError: measurement exceeded 30.0s,
69144,2026-10-08T09:18:20.135Z,INFO,engine.cycle,"monitored F11: aiming at taught Hz=281.1137 deg, V=87.1384 deg (instrument in same position; prediction within 1.17 deg, ignoring)",
69143,2026-10-08T09:18:20.105Z,INFO,engine.cycle,"monitored F10 measured OK: Hz=279.8660 deg, V=90.3136 deg, dist=57.7695 m",
69142,2026-10-08T09:17:53.519Z,INFO,engine.cycle,"monitored F10: aiming at taught Hz=279.8645 deg, V=90.3071 deg (instrument in same position; prediction within 0.00 deg, ignoring)",
69141,2026-10-08T09:17:53.503Z,INFO,engine.cycle,"monitored E7 measured OK: Hz=272.7767 deg, V=100.8021 deg, dist=60.2288 m",
69140,2026-10-08T09:17:30.717Z,INFO,engine.cycle,"monitored E7: aiming at taught Hz=272.7749 deg, V=100.8013 deg (instrument in same position; prediction within 0.01 deg, ignoring)",
69139,2026-10-08T09:17:30.697Z,INFO,engine.cycle,"monitored E6 measured OK: Hz=272.7800 deg, V=105.7047 deg, dist=61.4358 m",
69138,2026-10-08T09:17:08.910Z,INFO,engine.cycle,"monitored E6: aiming at taught Hz=272.7783 deg, V=105.7047 deg (instrument in same position; prediction within 0.01 deg, ignoring)",
69137,2026-10-08T09:17:08.902Z,INFO,engine.cycle,"monitored E5 measured OK: Hz=272.7017 deg, V=108.5295 deg, dist=62.4144 m",
69136,2026-10-08T09:16:48.425Z,INFO,engine.cycle,"monitored E5: aiming at taught Hz=272.6996 deg, V=108.5299 deg (instrument in same position; prediction within 0.01 deg, ignoring)",
69135,2026-10-08T09:16:48.396Z,INFO,engine.cycle,"monitored D9 measured OK: Hz=282.5667 deg, V=85.1115 deg, dist=56.5707 m",
69134,2026-10-08T09:16:22.919Z,INFO,engine.cycle,"monitored D9: aiming at taught Hz=282.5644 deg, V=85.1121 deg (instrument in same position; prediction within 0.01 deg, ignoring)",
69133,2026-10-08T09:16:22.908Z,WARNING,engine.cycle,monitored D8 result held as suspect: 7676.6 mm displacement; differs from prior candidate by 18.5 mm,
69132,2026-10-08T09:15:57.090Z,INFO,engine.cycle,"monitored D8 measured OK: Hz=281.1153 deg, V=87.1389 deg, dist=63.7991 m",
69131,2026-10-08T09:15:29.674Z,INFO,engine.cycle,"monitored D8: aiming at taught Hz=281.1135 deg, V=87.1382 deg (instrument in same position; prediction within 1.48 deg, ignoring)",
69130,2026-10-08T09:15:29.654Z,INFO,engine.cycle,"monitored D7 measured OK: Hz=282.5439 deg, V=91.6598 deg, dist=56.3850 m",
69129,2026-10-08T09:15:04.197Z,INFO,engine.cycle,"monitored D7: aiming at taught Hz=282.5422 deg, V=91.6667 deg (instrument in same position; prediction within 0.01 deg, ignoring)",
69128,2026-10-08T09:15:04.167Z,INFO,engine.cycle,"monitored D6 measured OK: Hz=282.5232 deg, V=95.3495 deg, dist=56.6272 m",
69127,2026-10-08T09:14:41.427Z,INFO,engine.cycle,"monitored D6: aiming at taught Hz=282.5214 deg, V=95.3487 deg (instrument in same position; prediction within 0.01 deg, ignoring)",
69126,2026-10-08T09:14:41.401Z,INFO,engine.cycle,"monitored D5 measured OK: Hz=282.5865 deg, V=99.0667 deg, dist=57.0698 m",
69125,2026-10-08T09:14:16.935Z,INFO,engine.cycle,"monitored D5: aiming at taught Hz=282.5844 deg, V=99.0666 deg (instrument in same position; prediction within 0.01 deg, ignoring)",
69124,2026-10-08T09:14:16.908Z,INFO,engine.cycle,"monitored D4 measured OK: Hz=282.5748 deg, V=102.6807 deg, dist=57.7737 m",
69123,2026-10-08T09:13:52.828Z,INFO,engine.cycle,"monitored D4: aiming at taught Hz=282.5725 deg, V=102.6872 deg (instrument in same position; prediction within 0.01 deg, ignoring)",
69122,2026-10-08T09:13:52.799Z,INFO,engine.cycle,"monitored D3 measured OK: Hz=282.5950 deg, V=106.1703 deg, dist=58.6928 m",
69121,2026-10-08T09:13:24.659Z,INFO,engine.cycle,"monitored D3: aiming at taught Hz=282.5932 deg, V=106.1702 deg (instrument in same position; prediction within 0.01 deg, ignoring)",
69120,2026-10-08T09:13:24.640Z,WARNING,engine.cycle,monitored D2 measurement failed: TimeoutError: measurement exceeded 30.0s,
69119,2026-10-08T09:12:52.111Z,INFO,engine.cycle,"monitored D2: aiming at taught Hz=282.5788 deg, V=109.5506 deg (instrument in same position; prediction within 0.01 deg, ignoring)",
69118,2026-10-08T09:12:52.098Z,INFO,engine.cycle,"monitored D10 measured OK: Hz=282.5251 deg, V=81.8355 deg, dist=56.9449 m",
69117,2026-10-08T09:12:22.820Z,INFO,engine.cycle,"monitored D10: aiming at taught Hz=282.5233 deg, V=81.8356 deg (instrument in same position; prediction within 0.00 deg, ignoring)",
69116,2026-10-08T09:12:22.791Z,INFO,engine.cycle,"monitored D1 measured OK: Hz=282.5936 deg, V=112.8236 deg, dist=61.1564 m",
69115,2026-10-08T09:11:57.239Z,INFO,engine.cycle,"monitored D1: aiming at taught Hz=282.5912 deg, V=112.8220 deg (instrument in same position; prediction within 0.01 deg, ignoring)",
69114,2026-10-08T09:11:57.210Z,INFO,engine.cycle,"monitored C9 measured OK: Hz=276.0803 deg, V=85.4558 deg, dist=58.6590 m",
69113,2026-10-08T09:11:32.747Z,INFO,engine.cycle,"monitored C9: aiming at taught Hz=276.0789 deg, V=85.4552 deg (instrument in same position; prediction within 0.00 deg, ignoring)",
69112,2026-10-08T09:11:32.739Z,INFO,engine.cycle,"monitored C8 measured OK: Hz=276.0801 deg, V=88.5185 deg, dist=58.4913 m",
69111,2026-10-08T09:11:04.265Z,INFO,engine.cycle,"monitored C8: aiming at taught Hz=276.0787 deg, V=88.5181 deg (instrument in same position; prediction within 0.01 deg, ignoring)",
69110,2026-10-08T09:11:04.235Z,INFO,engine.cycle,"monitored C7 measured OK: Hz=276.0660 deg, V=91.6897 deg, dist=58.5147 m",
69109,2026-10-08T09:10:36.243Z,INFO,engine.cycle,"monitored C7: aiming at taught Hz=276.0643 deg, V=91.6891 deg (instrument in same position; prediction within 0.01 deg, ignoring)",
69108,2026-10-08T09:10:36.228Z,WARNING,engine.cycle,monitored C6 measurement failed: TimeoutError: measurement exceeded 30.0s,
69107,2026-10-08T09:10:05.081Z,INFO,engine.cycle,"monitored C6: aiming at taught Hz=276.0349 deg, V=95.2811 deg (instrument in same position; prediction within 0.01 deg, ignoring)",
69106,2026-10-08T09:10:05.061Z,INFO,engine.cycle,"monitored C5 measured OK: Hz=276.0977 deg, V=98.7764 deg, dist=59.1942 m",
69105,2026-10-08T09:09:39.552Z,INFO,engine.cycle,"monitored C5: aiming at taught Hz=276.0961 deg, V=98.7751 deg (instrument in same position; prediction within 0.01 deg, ignoring)",
69104,2026-10-08T09:09:39.533Z,INFO,engine.cycle,"monitored C4 measured OK: Hz=276.1107 deg, V=102.2856 deg, dist=59.8674 m",
69103,2026-10-08T09:09:11.398Z,INFO,engine.cycle,"monitored C4: aiming at taught Hz=276.1086 deg, V=102.2885 deg (instrument in same position; prediction within 0.01 deg, ignoring)",
69102,2026-10-08T09:09:11.373Z,WARNING,engine.cycle,monitored C3 measurement failed: TimeoutError: measurement exceeded 30.0s,
69101,2026-10-08T09:08:39.299Z,INFO,engine.cycle,"monitored C3: aiming at taught Hz=276.0609 deg, V=105.5063 deg (instrument in same position; prediction within 0.01 deg, ignoring)",
69100,2026-10-08T09:08:39.281Z,WARNING,engine.cycle,monitored C2 measurement failed: TimeoutError: measurement exceeded 30.0s,
69099,2026-10-08T09:08:03.509Z,INFO,engine.cycle,"monitored C2: aiming at taught Hz=276.0782 deg, V=108.7112 deg (instrument in same position; prediction within 0.01 deg, ignoring)",
69098,2026-10-08T09:08:03.472Z,INFO,engine.cycle,"monitored C10 measured OK: Hz=276.0846 deg, V=82.1135 deg, dist=59.0388 m",
69097,2026-10-08T09:07:38.303Z,INFO,engine.cycle,"monitored C10: aiming at taught Hz=276.0833 deg, V=82.1139 deg (instrument in same position; prediction within 0.00 deg, ignoring)",
69096,2026-10-08T09:07:38.289Z,WARNING,engine.cycle,monitored C1 measurement failed: TimeoutError: measurement exceeded 30.0s,
69095,2026-10-08T09:07:04.494Z,INFO,engine.cycle,"monitored C1: aiming at taught Hz=276.1411 deg, V=111.9541 deg (instrument in same position; prediction within 0.01 deg, ignoring)",
69094,2026-10-08T09:07:04.480Z,WARNING,engine.cycle,monitored B6 measurement failed: GeoComError: RPC 9028 (AUT_ChangeFace) failed with GRC 8704,
69093,2026-10-08T09:06:34.647Z,INFO,engine.cycle,"monitored B6: aiming at taught Hz=270.2427 deg, V=98.2247 deg (instrument in same position; prediction within 0.01 deg, ignoring)",
69092,2026-10-08T09:06:34.630Z,WARNING,engine.cycle,monitored B5 measurement failed: TimeoutError: measurement exceeded 30.0s,
69091,2026-10-08T09:06:03.116Z,INFO,engine.cycle,"monitored B5: aiming at taught Hz=270.1404 deg, V=101.5625 deg (instrument in same position; prediction within 0.01 deg, ignoring)",
69090,2026-10-08T09:06:03.098Z,WARNING,engine.cycle,monitored B2 measurement failed: TimeoutError: measurement exceeded 30.0s,
69089,2026-10-08T09:05:24.837Z,INFO,engine.cycle,"monitored B2: aiming at taught Hz=270.1221 deg, V=107.9612 deg (instrument in same position; prediction within 0.01 deg, ignoring)",
69088,2026-10-08T09:05:24.830Z,WARNING,engine.cycle,monitored B1 result held as suspect: 3519.3 mm displacement; differs from prior candidate by 18.4 mm,
69087,2026-10-08T09:04:55.538Z,INFO,engine.cycle,"monitored B1 measured OK: Hz=272.7850 deg, V=111.4965 deg, dist=63.5647 m",
69086,2026-10-08T09:04:29.024Z,INFO,engine.cycle,"monitored B1: aiming at predicted Hz=270.1455 deg, V=111.2054 deg (relocation detected; taught was Hz=272.7830 deg, V=111.4955 deg)",
69085,2026-10-08T09:04:29.020Z,INFO,engine.cycle,"monitored A9 measured OK: Hz=264.0523 deg, V=85.7084 deg, dist=65.2236 m",
69084,2026-10-08T09:04:07.007Z,INFO,engine.cycle,"monitored A9: aiming at taught Hz=264.0519 deg, V=85.7002 deg (instrument in same position; prediction within 0.00 deg, ignoring)",
69083,2026-10-08T09:04:06.969Z,INFO,engine.cycle,"monitored A8 measured OK: Hz=264.0271 deg, V=88.4259 deg, dist=65.0804 m",
69082,2026-10-08T09:03:45.355Z,INFO,engine.cycle,"monitored A8: aiming at taught Hz=264.0256 deg, V=88.4259 deg (instrument in same position; prediction within 0.01 deg, ignoring)",
69081,2026-10-08T09:03:45.326Z,INFO,engine.cycle,"monitored A7 measured OK: Hz=263.9742 deg, V=91.1299 deg, dist=65.1201 m",
69080,2026-10-08T09:03:22.771Z,INFO,engine.cycle,"monitored A7: aiming at taught Hz=263.9726 deg, V=91.1298 deg (instrument in same position; prediction within 0.01 deg, ignoring)",
69079,2026-10-08T09:03:22.741Z,INFO,engine.cycle,"monitored A4 measured OK: Hz=264.0204 deg, V=100.7822 deg, dist=66.2353 m",
69078,2026-10-08T09:03:01.011Z,INFO,engine.cycle,"monitored A4: aiming at taught Hz=264.0188 deg, V=100.7820 deg (instrument in same position; prediction within 0.01 deg, ignoring)",
69077,2026-10-08T09:03:01.003Z,WARNING,engine.cycle,monitored A2 result held as suspect: 1186.4 mm displacement; differs from prior candidate by 19.2 mm,
69076,2026-10-08T09:02:33.523Z,INFO,engine.cycle,"monitored A2 measured OK: Hz=263.9401 deg, V=108.4640 deg, dist=68.8025 m",
69075,2026-10-08T09:02:04.810Z,INFO,engine.cycle,"monitored A2: aiming at taught Hz=263.9381 deg, V=108.4639 deg (instrument in same position; prediction within 0.85 deg, ignoring)",
69074,2026-10-08T09:02:04.802Z,INFO,engine.cycle,"Cycle 246 transform: translation=0.0104 m, rotation=88.7913 deg (large values = instrument relocated)",
69073,2026-10-08T09:02:04.802Z,INFO,engine.cycle,"Cycle 246 per-reference residuals: R1=11.18mm, R2=11.96mm, R3=12.08mm, R4=45.94mm, R5=14.82mm",
69072,2026-10-08T09:02:04.802Z,WARNING,engine.cycle,"Cycle 246 transform solved from 5 ref(s): RMS=23.43 mm -- unusually high, check for a misidentified/garbage ref reading above",
69071,2026-10-08T09:02:04.780Z,INFO,engine.cycle,"ref R5 measured OK: Hz=111.2268 deg, V=92.3153 deg, dist=17.2602 m",
69070,2026-10-08T09:01:44.299Z,INFO,engine.cycle,"ref R5: aiming at taught Hz=111.2249 deg, V=92.3160 deg",
69069,2026-10-08T09:01:44.280Z,INFO,engine.cycle,"ref R4 measured OK: Hz=105.5342 deg, V=88.3391 deg, dist=61.0583 m",
69068,2026-10-08T09:01:21.632Z,INFO,engine.cycle,"ref R4: aiming at taught Hz=105.5334 deg, V=88.3382 deg",
69067,2026-10-08T09:01:21.613Z,INFO,engine.cycle,"ref R3 measured OK: Hz=100.3110 deg, V=90.3935 deg, dist=76.6115 m",
69066,2026-10-08T09:00:54.595Z,INFO,engine.cycle,"ref R3: aiming at taught Hz=100.3100 deg, V=90.3852 deg",
69065,2026-10-08T09:00:54.573Z,INFO,engine.cycle,"ref R2 measured OK: Hz=62.1508 deg, V=89.4317 deg, dist=18.7804 m",
69064,2026-10-08T09:00:28.416Z,INFO,engine.cycle,"ref R2: aiming at taught Hz=62.1486 deg, V=89.4301 deg",
69063,2026-10-08T09:00:28.393Z,INFO,engine.cycle,"ref R1 measured OK: Hz=21.6577 deg, V=91.2780 deg, dist=17.6163 m",
69062,2026-10-08T09:00:00.556Z,INFO,engine.cycle,"ref R1: aiming at taught Hz=21.6550 deg, V=91.2770 deg",
69061,2026-10-08T09:00:00.556Z,INFO,engine.cycle,"Compensator tilt at cycle start: cross=-0.0243 deg (-27.0 mgon), length=-0.0122 deg (-13.6 mgon)",
69060,2026-10-08T09:00:00.542Z,INFO,engine.cycle,"Cycle 246 starting: site='DeVinci-1', 5 ref(s), 61 monitored, faces=2",
69059,2026-10-08T05:42:29.243Z,INFO,sync.publisher,"Published 13 message(s), 0 failed, 0 pending",
69058,2026-10-08T05:42:26.769Z,INFO,sync.publisher,MQTT connected to 34.38.96.215:8883,
69057,2026-10-08T05:42:25.531Z,INFO,engine.scheduler,cycle 245 -> ok,
69056,2026-10-08T05:42:20.509Z,INFO,engine.cycle,"Cycle 245 ok: 4 refs, 60 monitored, RMS 25.71 mm",
69055,2026-10-08T05:42:20.498Z,WARNING,engine.cycle,monitored f8p13 result held as suspect: 81.1 mm displacement; differs from prior candidate by 13.8 mm,
69054,2026-10-08T05:41:55.429Z,INFO,engine.cycle,"monitored f8p13 measured OK: Hz=286.4942 deg, V=97.7122 deg, dist=59.3578 m",
69053,2026-10-08T05:41:28.723Z,INFO,engine.cycle,"monitored f8p13: aiming at taught Hz=286.4944 deg, V=97.7117 deg (instrument in same position; prediction within 0.08 deg, ignoring)",
69052,2026-10-08T05:41:28.711Z,WARNING,engine.cycle,"monitored f8p10 result held as suspect: 20.3 mm displacement; repeat agrees, awaiting next-cycle confirmation",
69051,2026-10-08T05:41:06.714Z,INFO,engine.cycle,"monitored f8p10 measured OK: Hz=282.8622 deg, V=97.3854 deg, dist=57.2735 m",
69050,2026-10-08T05:40:44.259Z,INFO,engine.cycle,"monitored f8p10: aiming at taught Hz=282.8624 deg, V=97.3849 deg (instrument in same position; prediction within 0.02 deg, ignoring)",
69049,2026-10-08T05:40:44.243Z,WARNING,engine.cycle,monitored f8p1 measurement failed: TimeoutError: measurement exceeded 30.0s,
69048,2026-10-08T05:40:13.008Z,INFO,engine.cycle,"monitored f8p1: aiming at predicted Hz=264.0345 deg, V=97.7212 deg (relocation detected; taught was Hz=266.7690 deg, V=99.6853 deg)",
69047,2026-10-08T05:40:12.991Z,INFO,engine.cycle,"monitored f7p8 measured OK: Hz=279.8864 deg, V=101.1542 deg, dist=58.9162 m",
69046,2026-10-08T05:39:47.262Z,INFO,engine.cycle,"monitored f7p8: aiming at taught Hz=279.8866 deg, V=101.1542 deg (instrument in same position; prediction within 0.02 deg, ignoring)",
69045,2026-10-08T05:39:47.246Z,INFO,engine.cycle,"monitored f7p14 measured OK: Hz=266.7680 deg, V=99.6853 deg, dist=71.6831 m",
69044,2026-10-08T05:39:24.210Z,INFO,engine.cycle,"monitored f7p14: aiming at taught Hz=266.7687 deg, V=99.6855 deg (instrument in same position; prediction within 0.01 deg, ignoring)",
69043,2026-10-08T05:39:24.183Z,INFO,engine.cycle,"monitored f6p8 measured OK: Hz=279.8442 deg, V=104.4388 deg, dist=59.5652 m",
69042,2026-10-08T05:39:00.607Z,INFO,engine.cycle,"monitored f6p8: aiming at taught Hz=279.8445 deg, V=104.4383 deg (instrument in same position; prediction within 0.02 deg, ignoring)",
69041,2026-10-08T05:39:00.594Z,WARNING,engine.cycle,monitored f6p7 result held as suspect: 86.3 mm displacement; differs from prior candidate by 14.3 mm,
69040,2026-10-08T05:38:34.395Z,INFO,engine.cycle,"monitored f6p7 measured OK: Hz=275.9811 deg, V=104.3912 deg, dist=60.5477 m",
69039,2026-10-08T05:38:09.167Z,INFO,engine.cycle,"monitored f6p7: aiming at taught Hz=275.9814 deg, V=104.3909 deg (instrument in same position; prediction within 0.08 deg, ignoring)",
69038,2026-10-08T05:38:09.140Z,INFO,engine.cycle,"monitored f6p14 measured OK: Hz=266.7563 deg, V=103.1669 deg, dist=72.5745 m",
69037,2026-10-08T05:37:46.425Z,INFO,engine.cycle,"monitored f6p14: aiming at taught Hz=266.7566 deg, V=103.1677 deg (instrument in same position; prediction within 0.01 deg, ignoring)",
69036,2026-10-08T05:37:46.425Z,WARNING,engine.cycle,monitored f6p10 result held as suspect: 76.0 mm displacement; repeat differs by 6.8 mm,
69035,2026-10-08T05:37:21.587Z,INFO,engine.cycle,"monitored f6p10 measured OK: Hz=282.8873 deg, V=104.3653 deg, dist=58.7386 m",
69034,2026-10-08T05:37:01.049Z,INFO,engine.cycle,"monitored f6p10: aiming at taught Hz=282.8877 deg, V=104.3717 deg (instrument in same position; prediction within 0.08 deg, ignoring)",
69033,2026-10-08T05:37:01.049Z,WARNING,engine.cycle,monitored f5p8 result held as suspect: 86.2 mm displacement; repeat differs by 7.8 mm,
69032,2026-10-08T05:36:39.733Z,INFO,engine.cycle,"monitored f5p8 measured OK: Hz=279.8143 deg, V=107.8735 deg, dist=60.4964 m",
69031,2026-10-08T05:36:19.472Z,INFO,engine.cycle,"monitored f5p8: aiming at taught Hz=279.8147 deg, V=107.8731 deg (instrument in same position; prediction within 0.08 deg, ignoring)",
69030,2026-10-08T05:36:19.462Z,WARNING,engine.cycle,monitored f5p7 result held as suspect: 88.5 mm displacement; differs from prior candidate by 14.6 mm,
69029,2026-10-08T05:35:57.567Z,INFO,engine.cycle,"monitored f5p7 measured OK: Hz=275.9826 deg, V=107.6878 deg, dist=61.5537 m",
69028,2026-10-08T05:35:33.416Z,INFO,engine.cycle,"monitored f5p7: aiming at taught Hz=275.9825 deg, V=107.6878 deg (instrument in same position; prediction within 0.08 deg, ignoring)",
69027,2026-10-08T05:35:33.408Z,WARNING,engine.cycle,monitored f5p13 result held as suspect: 85.3 mm displacement; repeat differs by 6.8 mm,
69026,2026-10-08T05:35:11.503Z,INFO,engine.cycle,"monitored f5p13 measured OK: Hz=286.5477 deg, V=107.8560 deg, dist=61.7961 m",
69025,2026-10-08T05:34:50.299Z,INFO,engine.cycle,"monitored f5p13: aiming at taught Hz=286.5473 deg, V=107.8558 deg (instrument in same position; prediction within 0.08 deg, ignoring)",
69024,2026-10-08T05:34:50.293Z,WARNING,engine.cycle,monitored f5p10 result held as suspect: 84.2 mm displacement; differs from prior candidate by 14.4 mm,
69023,2026-10-08T05:34:27.893Z,INFO,engine.cycle,"monitored f5p10 measured OK: Hz=282.8659 deg, V=107.9004 deg, dist=59.7203 m",
69022,2026-10-08T05:34:05.679Z,INFO,engine.cycle,"monitored f5p10: aiming at taught Hz=282.8663 deg, V=107.9007 deg (instrument in same position; prediction within 0.08 deg, ignoring)",
69021,2026-10-08T05:34:05.653Z,INFO,engine.cycle,"monitored f4p8 measured OK: Hz=279.8198 deg, V=111.1048 deg, dist=61.7524 m",
69020,2026-10-08T05:33:42.552Z,INFO,engine.cycle,"monitored f4p8: aiming at taught Hz=279.8197 deg, V=111.1045 deg (instrument in same position; prediction within 0.01 deg, ignoring)",
69019,2026-10-08T05:33:42.539Z,WARNING,engine.cycle,monitored f4p7 result held as suspect: 91.1 mm displacement; differs from prior candidate by 14.1 mm,
69018,2026-10-08T05:33:20.342Z,INFO,engine.cycle,"monitored f4p7 measured OK: Hz=275.9787 deg, V=110.6814 deg, dist=62.6715 m",
69017,2026-10-08T05:32:55.399Z,INFO,engine.cycle,"monitored f4p7: aiming at taught Hz=275.9790 deg, V=110.6808 deg (instrument in same position; prediction within 0.08 deg, ignoring)",
69016,2026-10-08T05:32:55.393Z,WARNING,engine.cycle,monitored f4p4 result held as suspect: 93.0 mm displacement; differs from prior candidate by 14.8 mm,
69015,2026-10-08T05:32:30.561Z,INFO,engine.cycle,"monitored f4p4 measured OK: Hz=272.7830 deg, V=111.4956 deg, dist=63.5656 m",
69014,2026-10-08T05:32:07.302Z,INFO,engine.cycle,"monitored f4p4: aiming at taught Hz=272.7837 deg, V=111.4955 deg (instrument in same position; prediction within 0.08 deg, ignoring)",
69013,2026-10-08T05:32:07.274Z,INFO,engine.cycle,"monitored f4p14 measured OK: Hz=266.3913 deg, V=108.6861 deg, dist=74.8571 m",
69012,2026-10-08T05:31:43.692Z,INFO,engine.cycle,"monitored f4p14: aiming at taught Hz=266.3914 deg, V=108.6859 deg (instrument in same position; prediction within 0.01 deg, ignoring)",
69011,2026-10-08T05:31:43.663Z,INFO,engine.cycle,"monitored f4p10 measured OK: Hz=282.8423 deg, V=111.1576 deg, dist=60.8361 m",
69010,2026-10-08T05:31:21.530Z,INFO,engine.cycle,"monitored f4p10: aiming at taught Hz=282.8432 deg, V=111.1574 deg (instrument in same position; prediction within 0.00 deg, ignoring)",
69009,2026-10-08T05:31:21.525Z,WARNING,engine.cycle,"monitored I11 result held as suspect: 3956.7 mm displacement; repeat agrees, awaiting next-cycle confirmation",
69008,2026-10-08T05:30:59.972Z,INFO,engine.cycle,"monitored I11 measured OK: Hz=286.0905 deg, V=87.1256 deg, dist=58.9813 m",
69007,2026-10-08T05:30:38.825Z,INFO,engine.cycle,"monitored I11: aiming at taught Hz=286.0910 deg, V=87.1258 deg (instrument in same position; prediction within 0.83 deg, ignoring)",
69006,2026-10-08T05:30:38.804Z,INFO,engine.cycle,"monitored I10 measured OK: Hz=285.1985 deg, V=90.3327 deg, dist=62.7820 m",
69005,2026-10-08T05:30:17.725Z,INFO,engine.cycle,"monitored I10: aiming at taught Hz=285.1991 deg, V=90.3289 deg (instrument in same position; prediction within 0.02 deg, ignoring)",
69004,2026-10-08T05:30:17.725Z,WARNING,engine.cycle,"monitored H7 result held as suspect: 20.2 mm displacement; repeat agrees, awaiting next-cycle confirmation",
69003,2026-10-08T05:29:56.310Z,INFO,engine.cycle,"monitored H7 measured OK: Hz=286.0044 deg, V=100.7580 deg, dist=59.9816 m",
69002,2026-10-08T05:29:33.136Z,INFO,engine.cycle,"monitored H7: aiming at taught Hz=286.0047 deg, V=100.7575 deg (instrument in same position; prediction within 0.02 deg, ignoring)",
69001,2026-10-08T05:29:33.136Z,WARNING,engine.cycle,monitored H6 result held as suspect: 20.8 mm displacement; repeat differs by 8.5 mm,
69000,2026-10-08T05:29:11.188Z,INFO,engine.cycle,"monitored H6 measured OK: Hz=285.9236 deg, V=104.3597 deg, dist=60.8466 m",
68999,2026-10-08T05:28:49.609Z,INFO,engine.cycle,"monitored H6: aiming at taught Hz=285.9242 deg, V=104.3595 deg (instrument in same position; prediction within 0.02 deg, ignoring)",
68998,2026-10-08T05:28:49.582Z,INFO,engine.cycle,"monitored H13 measured OK: Hz=286.1254 deg, V=80.7775 deg, dist=59.6702 m",
68997,2026-10-08T05:28:28.195Z,INFO,engine.cycle,"monitored H13: aiming at taught Hz=286.1258 deg, V=80.7776 deg (instrument in same position; prediction within 0.02 deg, ignoring)",
68996,2026-10-08T05:28:28.188Z,WARNING,engine.cycle,monitored H11 result held as suspect: 3912.5 mm displacement; repeat differs by 3917.3 mm,
68995,2026-10-08T05:28:07.458Z,INFO,engine.cycle,"monitored H11 measured OK: Hz=285.3948 deg, V=86.8794 deg, dist=62.8198 m",
68994,2026-10-08T05:27:48.246Z,WARNING,instrument.leica,"ATR fine-adjust failed, measuring at the coarse taught angle instead: RPC 9037 (AUT_FineAdjust) failed with GRC 8710",
68993,2026-10-08T05:27:43.188Z,INFO,engine.cycle,"monitored H11: aiming at taught Hz=286.0909 deg, V=87.1257 deg (instrument in same position; prediction within 0.02 deg, ignoring)",
68992,2026-10-08T05:27:43.158Z,INFO,engine.cycle,"monitored H10 measured OK: Hz=286.1850 deg, V=90.3028 deg, dist=58.8882 m",
68991,2026-10-08T05:27:22.339Z,INFO,engine.cycle,"monitored H10: aiming at taught Hz=286.1851 deg, V=90.3027 deg (instrument in same position; prediction within 0.02 deg, ignoring)",
68990,2026-10-08T05:27:22.327Z,WARNING,engine.cycle,"monitored G11 result held as suspect: 7683.7 mm displacement; repeat agrees, awaiting next-cycle confirmation",
68989,2026-10-08T05:27:01.619Z,INFO,engine.cycle,"monitored G11 measured OK: Hz=282.5855 deg, V=88.3208 deg, dist=56.3781 m",
68988,2026-10-08T05:26:40.838Z,INFO,engine.cycle,"monitored G11: aiming at taught Hz=282.5861 deg, V=88.3209 deg (instrument in same position; prediction within 1.47 deg, ignoring)",
68987,2026-10-08T05:26:40.828Z,WARNING,engine.cycle,"monitored G10 result held as suspect: 20.5 mm displacement; repeat agrees, awaiting next-cycle confirmation",
68986,2026-10-08T05:26:20.852Z,INFO,engine.cycle,"monitored G10 measured OK: Hz=281.1471 deg, V=90.1403 deg, dist=63.8391 m",
68985,2026-10-08T05:25:59.276Z,INFO,engine.cycle,"monitored G10: aiming at taught Hz=281.1476 deg, V=90.1399 deg (instrument in same position; prediction within 0.02 deg, ignoring)",
68984,2026-10-08T05:25:59.268Z,WARNING,engine.cycle,monitored F11 result held as suspect: 5895.2 mm displacement; differs from prior candidate by 15.3 mm,
68983,2026-10-08T05:25:37.859Z,INFO,engine.cycle,"monitored F11 measured OK: Hz=281.1137 deg, V=87.1384 deg, dist=63.7999 m",
68982,2026-10-08T05:25:15.518Z,INFO,engine.cycle,"monitored F11: aiming at taught Hz=281.1141 deg, V=87.1382 deg (instrument in same position; prediction within 1.17 deg, ignoring)",
68981,2026-10-08T05:25:15.513Z,WARNING,engine.cycle,"monitored F10 result held as suspect: 20.0 mm displacement; repeat agrees, awaiting next-cycle confirmation",
68980,2026-10-08T05:24:52.512Z,INFO,engine.cycle,"monitored F10 measured OK: Hz=279.8645 deg, V=90.3071 deg, dist=57.7707 m",
68979,2026-10-08T05:24:30.531Z,INFO,engine.cycle,"monitored F10: aiming at taught Hz=279.8648 deg, V=90.3075 deg (instrument in same position; prediction within 0.02 deg, ignoring)",
68978,2026-10-08T05:24:30.523Z,WARNING,engine.cycle,"monitored E7 result held as suspect: 23.5 mm displacement; repeat agrees, awaiting next-cycle confirmation",
68977,2026-10-08T05:24:06.107Z,INFO,engine.cycle,"monitored E7 measured OK: Hz=272.7749 deg, V=100.8013 deg, dist=60.2300 m",
68976,2026-10-08T05:23:44.368Z,INFO,engine.cycle,"monitored E7: aiming at taught Hz=272.7754 deg, V=100.8013 deg (instrument in same position; prediction within 0.02 deg, ignoring)",
68975,2026-10-08T05:23:44.345Z,WARNING,engine.cycle,"monitored E6 result held as suspect: 23.0 mm displacement; repeat agrees, awaiting next-cycle confirmation",
68974,2026-10-08T05:23:21.948Z,INFO,engine.cycle,"monitored E6 measured OK: Hz=272.7783 deg, V=105.7047 deg, dist=61.4368 m",
68973,2026-10-08T05:22:57.871Z,INFO,engine.cycle,"monitored E6: aiming at taught Hz=272.7788 deg, V=105.7043 deg (instrument in same position; prediction within 0.02 deg, ignoring)",
68972,2026-10-08T05:22:57.867Z,WARNING,engine.cycle,"monitored E5 result held as suspect: 24.0 mm displacement; repeat agrees, awaiting next-cycle confirmation",
68971,2026-10-08T05:22:33.545Z,INFO,engine.cycle,"monitored E5 measured OK: Hz=272.6996 deg, V=108.5299 deg, dist=62.4153 m",
68970,2026-10-08T05:22:10.561Z,INFO,engine.cycle,"monitored E5: aiming at taught Hz=272.6999 deg, V=108.5305 deg (instrument in same position; prediction within 0.02 deg, ignoring)",
68969,2026-10-08T05:22:10.561Z,WARNING,engine.cycle,monitored D9 result held as suspect: 20.5 mm displacement; repeat differs by 6.1 mm,
68968,2026-10-08T05:21:49.414Z,INFO,engine.cycle,"monitored D9 measured OK: Hz=282.5644 deg, V=85.1121 deg, dist=56.5718 m",
68967,2026-10-08T05:21:26.408Z,INFO,engine.cycle,"monitored D9: aiming at taught Hz=282.5650 deg, V=85.1125 deg (instrument in same position; prediction within 0.02 deg, ignoring)",
68966,2026-10-08T05:21:26.408Z,WARNING,engine.cycle,monitored D8 result held as suspect: 7678.1 mm displacement; differs from prior candidate by 15.4 mm,
68965,2026-10-08T05:21:04.406Z,INFO,engine.cycle,"monitored D8 measured OK: Hz=281.1135 deg, V=87.1382 deg, dist=63.8000 m",
68964,2026-10-08T05:20:41.984Z,INFO,engine.cycle,"monitored D8: aiming at taught Hz=281.1140 deg, V=87.1381 deg (instrument in same position; prediction within 1.48 deg, ignoring)",
68963,2026-10-08T05:20:41.953Z,INFO,engine.cycle,"monitored D7 measured OK: Hz=282.5422 deg, V=91.6667 deg, dist=56.3862 m",
68962,2026-10-08T05:20:20.617Z,INFO,engine.cycle,"monitored D7: aiming at taught Hz=282.5424 deg, V=91.6600 deg (instrument in same position; prediction within 0.02 deg, ignoring)",
68961,2026-10-08T05:20:20.607Z,WARNING,engine.cycle,monitored D6 result held as suspect: 21.6 mm displacement; repeat differs by 7.4 mm,
68960,2026-10-08T05:19:59.704Z,INFO,engine.cycle,"monitored D6 measured OK: Hz=282.5214 deg, V=95.3487 deg, dist=56.6283 m",
68959,2026-10-08T05:19:38.924Z,INFO,engine.cycle,"monitored D6: aiming at taught Hz=282.5219 deg, V=95.3489 deg (instrument in same position; prediction within 0.02 deg, ignoring)",
68958,2026-10-08T05:19:38.912Z,WARNING,engine.cycle,monitored D5 result held as suspect: 21.9 mm displacement; repeat differs by 4.9 mm,
68957,2026-10-08T05:19:17.444Z,INFO,engine.cycle,"monitored D5 measured OK: Hz=282.5844 deg, V=99.0666 deg, dist=57.0710 m",
68956,2026-10-08T05:18:56.036Z,INFO,engine.cycle,"monitored D5: aiming at taught Hz=282.5850 deg, V=99.0661 deg (instrument in same position; prediction within 0.02 deg, ignoring)",
68955,2026-10-08T05:18:56.006Z,INFO,engine.cycle,"monitored D4 measured OK: Hz=282.5725 deg, V=102.6872 deg, dist=57.7746 m",
68954,2026-10-08T05:18:33.374Z,INFO,engine.cycle,"monitored D4: aiming at taught Hz=282.5731 deg, V=102.6800 deg (instrument in same position; prediction within 0.02 deg, ignoring)",
68953,2026-10-08T05:18:33.363Z,WARNING,engine.cycle,"monitored D3 result held as suspect: 22.6 mm displacement; repeat agrees, awaiting next-cycle confirmation",
68952,2026-10-08T05:18:11.576Z,INFO,engine.cycle,"monitored D3 measured OK: Hz=282.5932 deg, V=106.1702 deg, dist=58.6940 m",
68951,2026-10-08T05:17:48.970Z,INFO,engine.cycle,"monitored D3: aiming at taught Hz=282.5935 deg, V=106.1702 deg (instrument in same position; prediction within 0.02 deg, ignoring)",
68950,2026-10-08T05:17:48.959Z,WARNING,engine.cycle,"monitored D2 result held as suspect: 23.9 mm displacement; repeat agrees, awaiting next-cycle confirmation",
68949,2026-10-08T05:17:26.148Z,INFO,engine.cycle,"monitored D2 measured OK: Hz=282.5788 deg, V=109.5506 deg, dist=59.8207 m",
68948,2026-10-08T05:17:02.939Z,INFO,engine.cycle,"monitored D2: aiming at taught Hz=282.5793 deg, V=109.5513 deg (instrument in same position; prediction within 0.02 deg, ignoring)",
68947,2026-10-08T05:17:02.933Z,WARNING,engine.cycle,"monitored D10 result held as suspect: 20.4 mm displacement; repeat agrees, awaiting next-cycle confirmation",
68946,2026-10-08T05:16:41.285Z,INFO,engine.cycle,"monitored D10 measured OK: Hz=282.5233 deg, V=81.8356 deg, dist=56.9462 m",
68945,2026-10-08T05:16:19.972Z,INFO,engine.cycle,"monitored D10: aiming at taught Hz=282.5235 deg, V=81.8358 deg (instrument in same position; prediction within 0.02 deg, ignoring)",
68944,2026-10-08T05:16:19.966Z,WARNING,engine.cycle,monitored D1 result held as suspect: 23.5 mm displacement; repeat differs by 8.0 mm,
68943,2026-10-08T05:15:58.456Z,INFO,engine.cycle,"monitored D1 measured OK: Hz=282.5912 deg, V=112.8220 deg, dist=61.1573 m",
68942,2026-10-08T05:15:35.370Z,INFO,engine.cycle,"monitored D1: aiming at taught Hz=282.5916 deg, V=112.8219 deg (instrument in same position; prediction within 0.02 deg, ignoring)",
68941,2026-10-08T05:15:35.363Z,WARNING,engine.cycle,"monitored C9 result held as suspect: 22.8 mm displacement; repeat agrees, awaiting next-cycle confirmation",
68940,2026-10-08T05:15:09.745Z,INFO,engine.cycle,"monitored C9 measured OK: Hz=276.0789 deg, V=85.4552 deg, dist=58.6596 m",
68939,2026-10-08T05:14:48.165Z,INFO,engine.cycle,"monitored C9: aiming at taught Hz=276.0792 deg, V=85.4559 deg (instrument in same position; prediction within 0.02 deg, ignoring)",
68938,2026-10-08T05:14:48.154Z,WARNING,engine.cycle,"monitored C8 result held as suspect: 22.6 mm displacement; repeat agrees, awaiting next-cycle confirmation",
68937,2026-10-08T05:14:26.292Z,INFO,engine.cycle,"monitored C8 measured OK: Hz=276.0787 deg, V=88.5181 deg, dist=58.4922 m",
68936,2026-10-08T05:14:02.547Z,INFO,engine.cycle,"monitored C8: aiming at taught Hz=276.0791 deg, V=88.5184 deg (instrument in same position; prediction within 0.02 deg, ignoring)",
68935,2026-10-08T05:14:02.535Z,WARNING,engine.cycle,"monitored C7 result held as suspect: 22.8 mm displacement; repeat agrees, awaiting next-cycle confirmation",
68934,2026-10-08T05:13:39.347Z,INFO,engine.cycle,"monitored C7 measured OK: Hz=276.0643 deg, V=91.6891 deg, dist=58.5158 m",
68933,2026-10-08T05:13:15.115Z,INFO,engine.cycle,"monitored C7: aiming at taught Hz=276.0648 deg, V=91.6893 deg (instrument in same position; prediction within 0.02 deg, ignoring)",
68932,2026-10-08T05:13:15.083Z,INFO,engine.cycle,"monitored C6 measured OK: Hz=276.0349 deg, V=95.2811 deg, dist=58.7726 m",
68931,2026-10-08T05:12:52.862Z,INFO,engine.cycle,"monitored C6: aiming at taught Hz=276.0354 deg, V=95.2746 deg (instrument in same position; prediction within 0.02 deg, ignoring)",
68930,2026-10-08T05:12:52.851Z,WARNING,engine.cycle,"monitored C5 result held as suspect: 23.1 mm displacement; repeat agrees, awaiting next-cycle confirmation",
68929,2026-10-08T05:12:32.051Z,INFO,engine.cycle,"monitored C5 measured OK: Hz=276.0961 deg, V=98.7751 deg, dist=59.1951 m",
68928,2026-10-08T05:12:11.107Z,INFO,engine.cycle,"monitored C5: aiming at taught Hz=276.0965 deg, V=98.7752 deg (instrument in same position; prediction within 0.02 deg, ignoring)",
68927,2026-10-08T05:12:11.098Z,WARNING,engine.cycle,"monitored C4 result held as suspect: 21.2 mm displacement; repeat agrees, awaiting next-cycle confirmation",
68926,2026-10-08T05:11:49.492Z,INFO,engine.cycle,"monitored C4 measured OK: Hz=276.1086 deg, V=102.2885 deg, dist=59.8683 m",
68925,2026-10-08T05:11:27.267Z,INFO,engine.cycle,"monitored C4: aiming at taught Hz=276.1089 deg, V=102.2861 deg (instrument in same position; prediction within 0.02 deg, ignoring)",
68924,2026-10-08T05:11:27.257Z,WARNING,engine.cycle,"monitored C3 result held as suspect: 23.6 mm displacement; repeat agrees, awaiting next-cycle confirmation",
68923,2026-10-08T05:11:06.778Z,INFO,engine.cycle,"monitored C3 measured OK: Hz=276.0609 deg, V=105.5063 deg, dist=60.7293 m",
68922,2026-10-08T05:10:45.546Z,INFO,engine.cycle,"monitored C3: aiming at taught Hz=276.0608 deg, V=105.5067 deg (instrument in same position; prediction within 0.02 deg, ignoring)",
68921,2026-10-08T05:10:45.538Z,WARNING,engine.cycle,"monitored C2 result held as suspect: 23.9 mm displacement; repeat agrees, awaiting next-cycle confirmation",
68920,2026-10-08T05:10:23.832Z,INFO,engine.cycle,"monitored C2 measured OK: Hz=276.0782 deg, V=108.7112 deg, dist=61.7614 m",
68919,2026-10-08T05:10:01.699Z,INFO,engine.cycle,"monitored C2: aiming at taught Hz=276.0786 deg, V=108.7113 deg (instrument in same position; prediction within 0.02 deg, ignoring)",
68918,2026-10-08T05:10:01.688Z,WARNING,engine.cycle,"monitored C10 result held as suspect: 22.4 mm displacement; repeat agrees, awaiting next-cycle confirmation",
68917,2026-10-08T05:09:40.443Z,INFO,engine.cycle,"monitored C10 measured OK: Hz=276.0833 deg, V=82.1139 deg, dist=59.0399 m",
68916,2026-10-08T05:09:18.151Z,INFO,engine.cycle,"monitored C10: aiming at taught Hz=276.0835 deg, V=82.1142 deg (instrument in same position; prediction within 0.02 deg, ignoring)",
68915,2026-10-08T05:09:18.151Z,WARNING,engine.cycle,"monitored C1 result held as suspect: 24.0 mm displacement; repeat agrees, awaiting next-cycle confirmation",
68914,2026-10-08T05:08:53.930Z,INFO,engine.cycle,"monitored C1 measured OK: Hz=276.1411 deg, V=111.9541 deg, dist=63.0496 m",
68913,2026-10-08T05:08:30.541Z,INFO,engine.cycle,"monitored C1: aiming at taught Hz=276.1413 deg, V=111.9538 deg (instrument in same position; prediction within 0.02 deg, ignoring)",
68912,2026-10-08T05:08:30.530Z,WARNING,engine.cycle,"monitored B6 result held as suspect: 24.1 mm displacement; repeat agrees, awaiting next-cycle confirmation",
68911,2026-10-08T05:08:08.536Z,INFO,engine.cycle,"monitored B6 measured OK: Hz=270.2427 deg, V=98.2247 deg, dist=61.8248 m",
68910,2026-10-08T05:07:46.761Z,INFO,engine.cycle,"monitored B6: aiming at taught Hz=270.2432 deg, V=98.2247 deg (instrument in same position; prediction within 0.02 deg, ignoring)",
68909,2026-10-08T05:07:46.754Z,WARNING,engine.cycle,"monitored B5 result held as suspect: 25.6 mm displacement; repeat agrees, awaiting next-cycle confirmation",
68908,2026-10-08T05:07:24.036Z,INFO,engine.cycle,"monitored B5 measured OK: Hz=270.1404 deg, V=101.5625 deg, dist=62.5237 m",
68907,2026-10-08T05:07:00.200Z,INFO,engine.cycle,"monitored B5: aiming at taught Hz=270.1411 deg, V=101.5634 deg (instrument in same position; prediction within 0.02 deg, ignoring)",
68906,2026-10-08T05:07:00.188Z,WARNING,engine.cycle,"monitored B2 result held as suspect: 26.7 mm displacement; repeat agrees, awaiting next-cycle confirmation",
68905,2026-10-08T05:06:37.820Z,INFO,engine.cycle,"monitored B2 measured OK: Hz=270.1221 deg, V=107.9612 deg, dist=64.3974 m",
68904,2026-10-08T05:06:15.510Z,INFO,engine.cycle,"monitored B2: aiming at taught Hz=270.1224 deg, V=107.9619 deg (instrument in same position; prediction within 0.02 deg, ignoring)",
68903,2026-10-08T05:06:15.496Z,WARNING,engine.cycle,monitored B1 result held as suspect: 3517.7 mm displacement; differs from prior candidate by 14.9 mm,
68902,2026-10-08T05:05:51.582Z,INFO,engine.cycle,"monitored B1 measured OK: Hz=272.7830 deg, V=111.4955 deg, dist=63.5657 m",
68901,2026-10-08T05:05:26.257Z,INFO,engine.cycle,"monitored B1: aiming at predicted Hz=270.1461 deg, V=111.2205 deg (relocation detected; taught was Hz=272.7835 deg, V=111.4955 deg)",
68900,2026-10-08T05:05:26.245Z,WARNING,engine.cycle,"monitored A9 result held as suspect: 23.5 mm displacement; repeat agrees, awaiting next-cycle confirmation",
68899,2026-10-08T05:05:05.551Z,INFO,engine.cycle,"monitored A9 measured OK: Hz=264.0519 deg, V=85.7002 deg, dist=65.2245 m",
68898,2026-10-08T05:04:44.985Z,INFO,engine.cycle,"monitored A9: aiming at taught Hz=264.0516 deg, V=85.7001 deg (instrument in same position; prediction within 0.02 deg, ignoring)",
68897,2026-10-08T05:04:44.979Z,WARNING,engine.cycle,"monitored A8 result held as suspect: 24.8 mm displacement; repeat agrees, awaiting next-cycle confirmation",
68896,2026-10-08T05:04:21.452Z,INFO,engine.cycle,"monitored A8 measured OK: Hz=264.0256 deg, V=88.4259 deg, dist=65.0811 m",
68895,2026-10-08T05:03:58.901Z,INFO,engine.cycle,"monitored A8: aiming at taught Hz=264.0261 deg, V=88.4257 deg (instrument in same position; prediction within 0.02 deg, ignoring)",
68894,2026-10-08T05:03:58.892Z,WARNING,engine.cycle,"monitored A7 result held as suspect: 24.9 mm displacement; repeat agrees, awaiting next-cycle confirmation",
68893,2026-10-08T05:03:34.408Z,INFO,engine.cycle,"monitored A7 measured OK: Hz=263.9726 deg, V=91.1298 deg, dist=65.1214 m",
68892,2026-10-08T05:03:08.991Z,INFO,engine.cycle,"monitored A7: aiming at taught Hz=263.9731 deg, V=91.1291 deg (instrument in same position; prediction within 0.02 deg, ignoring)",
68891,2026-10-08T05:03:08.980Z,WARNING,engine.cycle,"monitored A4 result held as suspect: 25.9 mm displacement; repeat agrees, awaiting next-cycle confirmation",
68890,2026-10-08T05:02:46.913Z,INFO,engine.cycle,"monitored A4 measured OK: Hz=264.0188 deg, V=100.7820 deg, dist=66.2363 m",
68889,2026-10-08T05:02:24.499Z,INFO,engine.cycle,"monitored A4: aiming at taught Hz=264.0192 deg, V=100.7820 deg (instrument in same position; prediction within 0.02 deg, ignoring)",
68888,2026-10-08T05:02:24.493Z,WARNING,engine.cycle,monitored A2 result held as suspect: 1169.2 mm displacement; differs from prior candidate by 16.2 mm,
68887,2026-10-08T05:02:03.183Z,INFO,engine.cycle,"monitored A2 measured OK: Hz=263.9381 deg, V=108.4639 deg, dist=68.8033 m",
68886,2026-10-08T05:01:42.058Z,INFO,engine.cycle,"monitored A2: aiming at taught Hz=263.9391 deg, V=108.4640 deg (instrument in same position; prediction within 0.83 deg, ignoring)",
68885,2026-10-08T05:01:42.050Z,INFO,engine.cycle,"Cycle 245 transform: translation=0.0161 m, rotation=88.7899 deg (large values = instrument relocated)",
68884,2026-10-08T05:01:42.050Z,INFO,engine.cycle,"Cycle 245 per-reference residuals: R1=12.31mm, R3=15.12mm, R4=44.12mm, R5=17.82mm",
68883,2026-10-08T05:01:42.050Z,WARNING,engine.cycle,"Cycle 245 transform solved from 4 ref(s): RMS=25.71 mm -- unusually high, check for a misidentified/garbage ref reading above",
68882,2026-10-08T05:01:42.037Z,INFO,engine.cycle,"ref R5 measured OK: Hz=111.2249 deg, V=92.3160 deg, dist=17.2598 m",
68881,2026-10-08T05:01:21.061Z,INFO,engine.cycle,"ref R5: aiming at taught Hz=111.2258 deg, V=92.3162 deg",
68880,2026-10-08T05:01:21.040Z,INFO,engine.cycle,"ref R4 measured OK: Hz=105.5334 deg, V=88.3382 deg, dist=61.0576 m",
68879,2026-10-08T05:00:59.116Z,INFO,engine.cycle,"ref R4: aiming at taught Hz=105.5335 deg, V=88.3377 deg",
68878,2026-10-08T05:00:59.092Z,INFO,engine.cycle,"ref R3 measured OK: Hz=100.3100 deg, V=90.3852 deg, dist=76.6108 m",
68877,2026-10-08T05:00:37.174Z,INFO,engine.cycle,"ref R3: aiming at taught Hz=100.3106 deg, V=90.3922 deg",
68876,2026-10-08T05:00:37.164Z,WARNING,engine.cycle,ref R2 measurement failed: GeoComError: RPC 17017 (BAP_MeasDistanceAngle) failed with GRC 8710,
68875,2026-10-08T05:00:20.024Z,INFO,engine.cycle,"ref R2: aiming at taught Hz=62.1486 deg, V=89.4301 deg",
68874,2026-10-08T05:00:20.006Z,INFO,engine.cycle,"ref R1 measured OK: Hz=21.6550 deg, V=91.2770 deg, dist=17.6156 m",
68873,2026-10-08T05:00:00.405Z,INFO,engine.cycle,"ref R1: aiming at taught Hz=21.6557 deg, V=91.2766 deg",
68872,2026-10-08T05:00:00.393Z,INFO,engine.cycle,"Compensator tilt at cycle start: cross=-0.0172 deg (-19.1 mgon), length=-0.0105 deg (-11.7 mgon)",
68871,2026-10-08T05:00:00.389Z,INFO,engine.cycle,"Cycle 245 starting: site='DeVinci-1', 5 ref(s), 61 monitored, faces=2",
68870,2026-10-08T01:29:01.893Z,INFO,sync.publisher,"Published 47 message(s), 0 failed, 0 pending",
68869,2026-10-08T01:28:56.238Z,INFO,sync.publisher,MQTT connected to 34.38.96.215:8883,
68868,2026-10-08T01:28:54.998Z,INFO,engine.scheduler,cycle 244 -> ok,
68867,2026-10-08T01:28:51.938Z,INFO,engine.cycle,"Cycle 244 ok: 5 refs, 61 monitored, RMS 23.40 mm",
68866,2026-10-08T01:28:51.924Z,WARNING,engine.cycle,"monitored f8p13 result held as suspect: 93.9 mm displacement; repeat agrees, awaiting next-cycle confirmation",
68865,2026-10-08T01:28:30.888Z,INFO,engine.cycle,"monitored f8p13 measured OK: Hz=286.4944 deg, V=97.7117 deg, dist=59.3581 m",
68864,2026-10-08T01:28:09.682Z,INFO,engine.cycle,"monitored f8p13: aiming at taught Hz=286.4950 deg, V=97.7119 deg (instrument in same position; prediction within 0.09 deg, ignoring)",
68863,2026-10-08T01:28:09.655Z,INFO,engine.cycle,"monitored f8p10 measured OK: Hz=282.8624 deg, V=97.3849 deg, dist=57.2733 m",
68862,2026-10-08T01:27:48.700Z,INFO,engine.cycle,"monitored f8p10: aiming at taught Hz=282.8628 deg, V=97.3853 deg (instrument in same position; prediction within 0.01 deg, ignoring)",
68861,2026-10-08T01:27:48.700Z,WARNING,engine.cycle,monitored f8p1 result held as suspect: 7235.8 mm displacement; differs from prior candidate by 12.1 mm,
68860,2026-10-08T01:27:20.655Z,INFO,engine.cycle,"monitored f8p1 measured OK: Hz=266.7690 deg, V=99.6853 deg, dist=71.6831 m",
68859,2026-10-08T01:26:52.232Z,INFO,engine.cycle,"monitored f8p1: aiming at predicted Hz=264.0343 deg, V=97.7075 deg (relocation detected; taught was Hz=266.7695 deg, V=99.6854 deg)",
68858,2026-10-08T01:26:52.204Z,INFO,engine.cycle,"monitored f7p8 measured OK: Hz=279.8866 deg, V=101.1542 deg, dist=58.9161 m",
68857,2026-10-08T01:26:31.369Z,INFO,engine.cycle,"monitored f7p8: aiming at taught Hz=279.8870 deg, V=101.1544 deg (instrument in same position; prediction within 0.01 deg, ignoring)",
68856,2026-10-08T01:26:31.343Z,INFO,engine.cycle,"monitored f7p14 measured OK: Hz=266.7687 deg, V=99.6855 deg, dist=71.6832 m",
68855,2026-10-08T01:26:10.337Z,INFO,engine.cycle,"monitored f7p14: aiming at taught Hz=266.7697 deg, V=99.6854 deg (instrument in same position; prediction within 0.00 deg, ignoring)",
68854,2026-10-08T01:26:10.309Z,INFO,engine.cycle,"monitored f6p8 measured OK: Hz=279.8445 deg, V=104.4383 deg, dist=59.5652 m",
68853,2026-10-08T01:25:50.528Z,INFO,engine.cycle,"monitored f6p8: aiming at taught Hz=279.8451 deg, V=104.4382 deg (instrument in same position; prediction within 0.01 deg, ignoring)",
68852,2026-10-08T01:25:50.517Z,WARNING,engine.cycle,"monitored f6p7 result held as suspect: 99.7 mm displacement; repeat agrees, awaiting next-cycle confirmation",
68851,2026-10-08T01:25:29.246Z,INFO,engine.cycle,"monitored f6p7 measured OK: Hz=275.9814 deg, V=104.3909 deg, dist=60.5474 m",
68850,2026-10-08T01:25:08.178Z,INFO,engine.cycle,"monitored f6p7: aiming at taught Hz=275.9819 deg, V=104.3911 deg (instrument in same position; prediction within 0.09 deg, ignoring)",
68849,2026-10-08T01:25:08.150Z,INFO,engine.cycle,"monitored f6p14 measured OK: Hz=266.7566 deg, V=103.1677 deg, dist=72.5745 m",
68848,2026-10-08T01:24:46.926Z,INFO,engine.cycle,"monitored f6p14: aiming at taught Hz=266.7574 deg, V=103.1685 deg (instrument in same position; prediction within 0.00 deg, ignoring)",
68847,2026-10-08T01:24:46.909Z,WARNING,engine.cycle,"monitored f6p10 result held as suspect: 95.7 mm displacement; repeat agrees, awaiting next-cycle confirmation",
68846,2026-10-08T01:24:26.843Z,INFO,engine.cycle,"monitored f6p10 measured OK: Hz=282.8877 deg, V=104.3717 deg, dist=58.7385 m",
68845,2026-10-08T01:24:06.765Z,INFO,engine.cycle,"monitored f6p10: aiming at taught Hz=282.8883 deg, V=104.3718 deg (instrument in same position; prediction within 0.09 deg, ignoring)",
68844,2026-10-08T01:24:06.765Z,WARNING,engine.cycle,"monitored f5p8 result held as suspect: 99.1 mm displacement; repeat agrees, awaiting next-cycle confirmation",
68843,2026-10-08T01:23:46.801Z,INFO,engine.cycle,"monitored f5p8 measured OK: Hz=279.8147 deg, V=107.8731 deg, dist=60.4964 m",
68842,2026-10-08T01:23:26.652Z,INFO,engine.cycle,"monitored f5p8: aiming at taught Hz=279.8153 deg, V=107.8736 deg (instrument in same position; prediction within 0.09 deg, ignoring)",
68841,2026-10-08T01:23:26.642Z,WARNING,engine.cycle,"monitored f5p7 result held as suspect: 102.2 mm displacement; repeat agrees, awaiting next-cycle confirmation",
68840,2026-10-08T01:23:05.046Z,INFO,engine.cycle,"monitored f5p7 measured OK: Hz=275.9825 deg, V=107.6878 deg, dist=61.5534 m",
68839,2026-10-08T01:22:43.921Z,INFO,engine.cycle,"monitored f5p7: aiming at taught Hz=275.9830 deg, V=107.6879 deg (instrument in same position; prediction within 0.09 deg, ignoring)",
68838,2026-10-08T01:22:43.911Z,WARNING,engine.cycle,"monitored f5p13 result held as suspect: 98.4 mm displacement; repeat agrees, awaiting next-cycle confirmation",
68837,2026-10-08T01:22:23.047Z,INFO,engine.cycle,"monitored f5p13 measured OK: Hz=286.5473 deg, V=107.8558 deg, dist=61.7960 m",
68836,2026-10-08T01:22:00.649Z,INFO,engine.cycle,"monitored f5p13: aiming at taught Hz=286.5488 deg, V=107.8565 deg (instrument in same position; prediction within 0.09 deg, ignoring)",
68835,2026-10-08T01:22:00.642Z,WARNING,engine.cycle,"monitored f5p10 result held as suspect: 97.6 mm displacement; repeat agrees, awaiting next-cycle confirmation",
68834,2026-10-08T01:21:39.500Z,INFO,engine.cycle,"monitored f5p10 measured OK: Hz=282.8663 deg, V=107.9007 deg, dist=59.7202 m",
68833,2026-10-08T01:21:19.391Z,INFO,engine.cycle,"monitored f5p10: aiming at taught Hz=282.8669 deg, V=107.9009 deg (instrument in same position; prediction within 0.09 deg, ignoring)",
68832,2026-10-08T01:21:19.365Z,INFO,engine.cycle,"monitored f4p8 measured OK: Hz=279.8197 deg, V=111.1045 deg, dist=61.7524 m",
68831,2026-10-08T01:20:58.929Z,INFO,engine.cycle,"monitored f4p8: aiming at taught Hz=279.8210 deg, V=111.1056 deg (instrument in same position; prediction within 0.00 deg, ignoring)",
68830,2026-10-08T01:20:58.929Z,WARNING,engine.cycle,monitored f4p7 result held as suspect: 104.2 mm displacement; differs from prior candidate by 5.8 mm,
68829,2026-10-08T01:20:37.552Z,INFO,engine.cycle,"monitored f4p7 measured OK: Hz=275.9790 deg, V=110.6808 deg, dist=62.6715 m",
68828,2026-10-08T01:20:16.710Z,INFO,engine.cycle,"monitored f4p7: aiming at taught Hz=275.9794 deg, V=110.6810 deg (instrument in same position; prediction within 0.10 deg, ignoring)",
68827,2026-10-08T01:20:16.699Z,WARNING,engine.cycle,"monitored f4p4 result held as suspect: 106.7 mm displacement; repeat agrees, awaiting next-cycle confirmation",
68826,2026-10-08T01:19:55.344Z,INFO,engine.cycle,"monitored f4p4 measured OK: Hz=272.7837 deg, V=111.4955 deg, dist=63.5658 m",
68825,2026-10-08T01:19:34.396Z,INFO,engine.cycle,"monitored f4p4: aiming at taught Hz=272.7839 deg, V=111.4958 deg (instrument in same position; prediction within 0.10 deg, ignoring)",
68824,2026-10-08T01:19:34.372Z,INFO,engine.cycle,"monitored f4p14 measured OK: Hz=266.3914 deg, V=108.6859 deg, dist=74.8572 m",
68823,2026-10-08T01:19:13.401Z,INFO,engine.cycle,"monitored f4p14: aiming at taught Hz=266.3920 deg, V=108.6860 deg (instrument in same position; prediction within 0.00 deg, ignoring)",
68822,2026-10-08T01:19:13.388Z,INFO,engine.cycle,"monitored f4p10 measured OK: Hz=282.8432 deg, V=111.1574 deg, dist=60.8360 m",
68821,2026-10-08T01:18:53.249Z,INFO,engine.cycle,"monitored f4p10: aiming at taught Hz=282.8438 deg, V=111.1573 deg (instrument in same position; prediction within 0.01 deg, ignoring)",
68820,2026-10-08T01:18:32.211Z,INFO,engine.cycle,"monitored I11 measured OK: Hz=286.0910 deg, V=87.1258 deg, dist=58.9811 m",
68819,2026-10-08T01:18:11.412Z,INFO,engine.cycle,"monitored I11: aiming at taught Hz=286.0915 deg, V=87.1255 deg (instrument in same position; prediction within 0.83 deg, ignoring)",
68818,2026-10-08T01:18:11.392Z,INFO,engine.cycle,"monitored I10 measured OK: Hz=285.1991 deg, V=90.3289 deg, dist=62.7819 m",
68817,2026-10-08T01:17:51.135Z,INFO,engine.cycle,"monitored I10: aiming at taught Hz=285.1998 deg, V=90.3288 deg (instrument in same position; prediction within 0.00 deg, ignoring)",
68816,2026-10-08T01:17:51.130Z,INFO,engine.cycle,"monitored H7 measured OK: Hz=286.0047 deg, V=100.7575 deg, dist=59.9816 m",
68815,2026-10-08T01:17:29.852Z,INFO,engine.cycle,"monitored H7: aiming at taught Hz=286.0054 deg, V=100.7575 deg (instrument in same position; prediction within 0.00 deg, ignoring)",
68814,2026-10-08T01:17:29.828Z,INFO,engine.cycle,"monitored H6 measured OK: Hz=285.9242 deg, V=104.3595 deg, dist=60.8466 m",
68813,2026-10-08T01:17:08.225Z,INFO,engine.cycle,"monitored H6: aiming at taught Hz=285.9248 deg, V=104.3595 deg (instrument in same position; prediction within 0.01 deg, ignoring)",
68812,2026-10-08T01:17:08.191Z,INFO,engine.cycle,"monitored H13 measured OK: Hz=286.1258 deg, V=80.7776 deg, dist=59.6700 m",
68811,2026-10-08T01:16:47.364Z,INFO,engine.cycle,"monitored H13: aiming at taught Hz=286.1262 deg, V=80.7776 deg (instrument in same position; prediction within 0.00 deg, ignoring)",
68810,2026-10-08T01:16:47.332Z,INFO,engine.cycle,"monitored H11 measured OK: Hz=286.0909 deg, V=87.1257 deg, dist=58.9811 m",
68809,2026-10-08T01:16:25.813Z,INFO,engine.cycle,"monitored H11: aiming at taught Hz=286.0914 deg, V=87.1257 deg (instrument in same position; prediction within 0.00 deg, ignoring)",
68808,2026-10-08T01:16:25.783Z,INFO,engine.cycle,"monitored H10 measured OK: Hz=286.1851 deg, V=90.3027 deg, dist=58.8881 m",
68807,2026-10-08T01:16:05.652Z,INFO,engine.cycle,"monitored H10: aiming at taught Hz=286.1860 deg, V=90.3028 deg (instrument in same position; prediction within 0.00 deg, ignoring)",
68806,2026-10-08T01:15:45.518Z,INFO,engine.cycle,"monitored G11 measured OK: Hz=282.5861 deg, V=88.3209 deg, dist=56.3779 m",
68805,2026-10-08T01:15:25.408Z,INFO,engine.cycle,"monitored G11: aiming at taught Hz=282.5867 deg, V=88.3209 deg (instrument in same position; prediction within 1.47 deg, ignoring)",
68804,2026-10-08T01:15:25.376Z,INFO,engine.cycle,"monitored G10 measured OK: Hz=281.1476 deg, V=90.1399 deg, dist=63.8389 m",
68803,2026-10-08T01:15:05.247Z,INFO,engine.cycle,"monitored G10: aiming at taught Hz=281.1482 deg, V=90.1401 deg (instrument in same position; prediction within 0.00 deg, ignoring)",
68802,2026-10-08T01:15:05.235Z,WARNING,engine.cycle,monitored F11 result held as suspect: 5897.3 mm displacement; differs from prior candidate by 8.2 mm,
68801,2026-10-08T01:14:42.626Z,INFO,engine.cycle,"monitored F11 measured OK: Hz=281.1141 deg, V=87.1382 deg, dist=63.7998 m",
68800,2026-10-08T01:14:21.662Z,INFO,engine.cycle,"monitored F11: aiming at taught Hz=281.1146 deg, V=87.1382 deg (instrument in same position; prediction within 1.17 deg, ignoring)",
68799,2026-10-08T01:14:21.651Z,INFO,engine.cycle,"monitored F10 measured OK: Hz=279.8648 deg, V=90.3075 deg, dist=57.7704 m",
68798,2026-10-08T01:14:00.735Z,INFO,engine.cycle,"monitored F10: aiming at taught Hz=279.8654 deg, V=90.3073 deg (instrument in same position; prediction within 0.00 deg, ignoring)",
68797,2026-10-08T01:14:00.720Z,INFO,engine.cycle,"monitored E7 measured OK: Hz=272.7754 deg, V=100.8013 deg, dist=60.2299 m",
68796,2026-10-08T01:13:39.207Z,INFO,engine.cycle,"monitored E7: aiming at taught Hz=272.7759 deg, V=100.8016 deg (instrument in same position; prediction within 0.01 deg, ignoring)",
68795,2026-10-08T01:13:39.177Z,INFO,engine.cycle,"monitored E6 measured OK: Hz=272.7788 deg, V=105.7043 deg, dist=61.4368 m",
68794,2026-10-08T01:13:16.083Z,INFO,engine.cycle,"monitored E6: aiming at taught Hz=272.7797 deg, V=105.7052 deg (instrument in same position; prediction within 0.01 deg, ignoring)",
68793,2026-10-08T01:13:16.055Z,INFO,engine.cycle,"monitored E5 measured OK: Hz=272.6999 deg, V=108.5305 deg, dist=62.4153 m",
68792,2026-10-08T01:12:55.566Z,INFO,engine.cycle,"monitored E5: aiming at taught Hz=272.7003 deg, V=108.5306 deg (instrument in same position; prediction within 0.01 deg, ignoring)",
68791,2026-10-08T01:12:55.536Z,INFO,engine.cycle,"monitored D9 measured OK: Hz=282.5650 deg, V=85.1125 deg, dist=56.5716 m",
68790,2026-10-08T01:12:34.546Z,INFO,engine.cycle,"monitored D9: aiming at taught Hz=282.5658 deg, V=85.1125 deg (instrument in same position; prediction within 0.00 deg, ignoring)",
68789,2026-10-08T01:12:34.546Z,WARNING,engine.cycle,monitored D8 result held as suspect: 7677.7 mm displacement; differs from prior candidate by 3.6 mm,
68788,2026-10-08T01:12:13.245Z,INFO,engine.cycle,"monitored D8 measured OK: Hz=281.1140 deg, V=87.1381 deg, dist=63.7998 m",
68787,2026-10-08T01:11:52.055Z,INFO,engine.cycle,"monitored D8: aiming at taught Hz=281.1148 deg, V=87.1378 deg (instrument in same position; prediction within 1.48 deg, ignoring)",
68786,2026-10-08T01:11:52.027Z,INFO,engine.cycle,"monitored D7 measured OK: Hz=282.5424 deg, V=91.6600 deg, dist=56.3859 m",
68785,2026-10-08T01:11:31.511Z,INFO,engine.cycle,"monitored D7: aiming at taught Hz=282.5431 deg, V=91.6599 deg (instrument in same position; prediction within 0.00 deg, ignoring)",
68784,2026-10-08T01:11:31.483Z,INFO,engine.cycle,"monitored D6 measured OK: Hz=282.5219 deg, V=95.3489 deg, dist=56.6281 m",
68783,2026-10-08T01:11:11.377Z,INFO,engine.cycle,"monitored D6: aiming at taught Hz=282.5225 deg, V=95.3490 deg (instrument in same position; prediction within 0.01 deg, ignoring)",
68782,2026-10-08T01:11:11.352Z,INFO,engine.cycle,"monitored D5 measured OK: Hz=282.5850 deg, V=99.0661 deg, dist=57.0709 m",
68781,2026-10-08T01:10:50.190Z,INFO,engine.cycle,"monitored D5: aiming at taught Hz=282.5855 deg, V=99.0663 deg (instrument in same position; prediction within 0.01 deg, ignoring)",
68780,2026-10-08T01:10:50.174Z,INFO,engine.cycle,"monitored D4 measured OK: Hz=282.5731 deg, V=102.6800 deg, dist=57.7747 m",
68779,2026-10-08T01:10:28.744Z,INFO,engine.cycle,"monitored D4: aiming at taught Hz=282.5738 deg, V=102.6804 deg (instrument in same position; prediction within 0.01 deg, ignoring)",
68778,2026-10-08T01:10:28.725Z,INFO,engine.cycle,"monitored D3 measured OK: Hz=282.5935 deg, V=106.1702 deg, dist=58.6938 m",
68777,2026-10-08T01:10:07.320Z,INFO,engine.cycle,"monitored D3: aiming at taught Hz=282.5942 deg, V=106.1707 deg (instrument in same position; prediction within 0.01 deg, ignoring)",
68776,2026-10-08T01:10:07.303Z,INFO,engine.cycle,"monitored D2 measured OK: Hz=282.5793 deg, V=109.5513 deg, dist=59.8205 m",
68775,2026-10-08T01:09:45.936Z,INFO,engine.cycle,"monitored D2: aiming at taught Hz=282.5802 deg, V=109.5513 deg (instrument in same position; prediction within 0.01 deg, ignoring)",
68774,2026-10-08T01:09:45.905Z,INFO,engine.cycle,"monitored D10 measured OK: Hz=282.5235 deg, V=81.8358 deg, dist=56.9459 m",
68773,2026-10-08T01:09:24.654Z,INFO,engine.cycle,"monitored D10: aiming at taught Hz=282.5242 deg, V=81.8358 deg (instrument in same position; prediction within 0.01 deg, ignoring)",
68772,2026-10-08T01:09:24.625Z,INFO,engine.cycle,"monitored D1 measured OK: Hz=282.5916 deg, V=112.8219 deg, dist=61.1575 m",
68771,2026-10-08T01:09:03.687Z,INFO,engine.cycle,"monitored D1: aiming at taught Hz=282.5922 deg, V=112.8224 deg (instrument in same position; prediction within 0.01 deg, ignoring)",
68770,2026-10-08T01:09:03.671Z,INFO,engine.cycle,"monitored C9 measured OK: Hz=276.0792 deg, V=85.4559 deg, dist=58.6598 m",
68769,2026-10-08T01:08:42.851Z,INFO,engine.cycle,"monitored C9: aiming at taught Hz=276.0797 deg, V=85.4559 deg (instrument in same position; prediction within 0.01 deg, ignoring)",
68768,2026-10-08T01:08:42.823Z,INFO,engine.cycle,"monitored C8 measured OK: Hz=276.0791 deg, V=88.5184 deg, dist=58.4920 m",
68767,2026-10-08T01:08:22.000Z,INFO,engine.cycle,"monitored C8: aiming at taught Hz=276.0796 deg, V=88.5183 deg (instrument in same position; prediction within 0.01 deg, ignoring)",
68766,2026-10-08T01:08:21.975Z,INFO,engine.cycle,"monitored C7 measured OK: Hz=276.0648 deg, V=91.6893 deg, dist=58.5157 m",
68765,2026-10-08T01:08:01.198Z,INFO,engine.cycle,"monitored C7: aiming at taught Hz=276.0650 deg, V=91.6896 deg (instrument in same position; prediction within 0.01 deg, ignoring)",
68764,2026-10-08T01:08:01.172Z,INFO,engine.cycle,"monitored C6 measured OK: Hz=276.0354 deg, V=95.2746 deg, dist=58.7725 m",
68763,2026-10-08T01:07:40.042Z,INFO,engine.cycle,"monitored C6: aiming at taught Hz=276.0359 deg, V=95.2747 deg (instrument in same position; prediction within 0.01 deg, ignoring)",
68762,2026-10-08T01:07:40.013Z,INFO,engine.cycle,"monitored C5 measured OK: Hz=276.0965 deg, V=98.7752 deg, dist=59.1949 m",
68761,2026-10-08T01:07:18.639Z,INFO,engine.cycle,"monitored C5: aiming at taught Hz=276.0968 deg, V=98.7756 deg (instrument in same position; prediction within 0.01 deg, ignoring)",
68760,2026-10-08T01:07:18.612Z,INFO,engine.cycle,"monitored C4 measured OK: Hz=276.1089 deg, V=102.2861 deg, dist=59.8683 m",
68759,2026-10-08T01:06:57.936Z,INFO,engine.cycle,"monitored C4: aiming at taught Hz=276.1096 deg, V=102.2863 deg (instrument in same position; prediction within 0.01 deg, ignoring)",
68758,2026-10-08T01:06:57.917Z,INFO,engine.cycle,"monitored C3 measured OK: Hz=276.0608 deg, V=105.5067 deg, dist=60.7293 m",
68757,2026-10-08T01:06:37.145Z,INFO,engine.cycle,"monitored C3: aiming at taught Hz=276.0617 deg, V=105.5065 deg (instrument in same position; prediction within 0.01 deg, ignoring)",
68756,2026-10-08T01:06:37.114Z,INFO,engine.cycle,"monitored C2 measured OK: Hz=276.0786 deg, V=108.7113 deg, dist=61.7614 m",
68755,2026-10-08T01:06:16.063Z,INFO,engine.cycle,"monitored C2: aiming at taught Hz=276.0792 deg, V=108.7116 deg (instrument in same position; prediction within 0.01 deg, ignoring)",
68754,2026-10-08T01:06:16.054Z,INFO,engine.cycle,"monitored C10 measured OK: Hz=276.0835 deg, V=82.1142 deg, dist=59.0396 m",
68753,2026-10-08T01:05:55.104Z,INFO,engine.cycle,"monitored C10: aiming at taught Hz=276.0838 deg, V=82.1144 deg (instrument in same position; prediction within 0.01 deg, ignoring)",
68752,2026-10-08T01:05:55.078Z,INFO,engine.cycle,"monitored C1 measured OK: Hz=276.1413 deg, V=111.9538 deg, dist=63.0495 m",
68751,2026-10-08T01:05:33.997Z,INFO,engine.cycle,"monitored C1: aiming at taught Hz=276.1418 deg, V=111.9541 deg (instrument in same position; prediction within 0.01 deg, ignoring)",
68750,2026-10-08T01:05:33.970Z,INFO,engine.cycle,"monitored B6 measured OK: Hz=270.2432 deg, V=98.2247 deg, dist=61.8246 m",
68749,2026-10-08T01:05:13.227Z,INFO,engine.cycle,"monitored B6: aiming at taught Hz=270.2437 deg, V=98.2249 deg (instrument in same position; prediction within 0.01 deg, ignoring)",
68748,2026-10-08T01:05:13.199Z,INFO,engine.cycle,"monitored B5 measured OK: Hz=270.1411 deg, V=101.5634 deg, dist=62.5236 m",
68747,2026-10-08T01:04:52.143Z,INFO,engine.cycle,"monitored B5: aiming at taught Hz=270.1416 deg, V=101.5635 deg (instrument in same position; prediction within 0.01 deg, ignoring)",
68746,2026-10-08T01:04:52.113Z,INFO,engine.cycle,"monitored B2 measured OK: Hz=270.1224 deg, V=107.9619 deg, dist=64.3976 m",
68745,2026-10-08T01:04:30.791Z,INFO,engine.cycle,"monitored B2: aiming at taught Hz=270.1230 deg, V=107.9618 deg (instrument in same position; prediction within 0.01 deg, ignoring)",
68744,2026-10-08T01:04:30.784Z,WARNING,engine.cycle,monitored B1 result held as suspect: 3517.1 mm displacement; differs from prior candidate by 1750.0 mm,
68743,2026-10-08T01:04:08.161Z,INFO,engine.cycle,"monitored B1 measured OK: Hz=272.7835 deg, V=111.4955 deg, dist=63.5658 m",
68742,2026-10-08T01:03:45.490Z,INFO,engine.cycle,"monitored B1: aiming at taught Hz=271.4624 deg, V=111.3481 deg (instrument in same position; prediction within 1.32 deg, ignoring)",
68741,2026-10-08T01:03:45.460Z,INFO,engine.cycle,"monitored A9 measured OK: Hz=264.0516 deg, V=85.7001 deg, dist=65.2245 m",
68740,2026-10-08T01:03:26.144Z,INFO,engine.cycle,"monitored A9: aiming at taught Hz=264.0523 deg, V=85.6999 deg (instrument in same position; prediction within 0.01 deg, ignoring)",
68739,2026-10-08T01:03:26.121Z,INFO,engine.cycle,"monitored A8 measured OK: Hz=264.0261 deg, V=88.4257 deg, dist=65.0812 m",
68738,2026-10-08T01:03:05.330Z,INFO,engine.cycle,"monitored A8: aiming at taught Hz=264.0266 deg, V=88.4256 deg (instrument in same position; prediction within 0.01 deg, ignoring)",
68737,2026-10-08T01:03:05.303Z,INFO,engine.cycle,"monitored A7 measured OK: Hz=263.9731 deg, V=91.1291 deg, dist=65.1213 m",
68736,2026-10-08T01:02:43.690Z,INFO,engine.cycle,"monitored A7: aiming at taught Hz=263.9737 deg, V=91.1299 deg (instrument in same position; prediction within 0.01 deg, ignoring)",
68735,2026-10-08T01:02:43.659Z,INFO,engine.cycle,"monitored A4 measured OK: Hz=264.0192 deg, V=100.7820 deg, dist=66.2363 m",
68734,2026-10-08T01:02:22.576Z,INFO,engine.cycle,"monitored A4: aiming at taught Hz=264.0198 deg, V=100.7821 deg (instrument in same position; prediction within 0.01 deg, ignoring)",
68733,2026-10-08T01:02:22.565Z,WARNING,engine.cycle,"monitored A2 result held as suspect: 1184.2 mm displacement; repeat agrees, awaiting next-cycle confirmation",
68732,2026-10-08T01:02:01.567Z,INFO,engine.cycle,"monitored A2 measured OK: Hz=263.9391 deg, V=108.4640 deg, dist=68.8032 m",
68731,2026-10-08T01:01:42.080Z,INFO,engine.cycle,"monitored A2: aiming at taught Hz=263.9396 deg, V=108.4641 deg (instrument in same position; prediction within 0.84 deg, ignoring)",
68730,2026-10-08T01:01:42.080Z,INFO,engine.cycle,"Cycle 244 transform: translation=0.0109 m, rotation=88.7907 deg (large values = instrument relocated)",
68729,2026-10-08T01:01:42.080Z,INFO,engine.cycle,"Cycle 244 per-reference residuals: R1=11.15mm, R2=11.88mm, R3=12.16mm, R4=45.89mm, R5=14.77mm",
68728,2026-10-08T01:01:42.079Z,WARNING,engine.cycle,"Cycle 244 transform solved from 5 ref(s): RMS=23.40 mm -- unusually high, check for a misidentified/garbage ref reading above",
68727,2026-10-08T01:01:42.053Z,INFO,engine.cycle,"ref R5 measured OK: Hz=111.2258 deg, V=92.3162 deg, dist=17.2599 m",
68726,2026-10-08T01:01:21.964Z,INFO,engine.cycle,"ref R5: aiming at taught Hz=111.2266 deg, V=92.3161 deg",
68725,2026-10-08T01:01:21.948Z,INFO,engine.cycle,"ref R4 measured OK: Hz=105.5335 deg, V=88.3377 deg, dist=61.0579 m",
68724,2026-10-08T01:01:00.475Z,INFO,engine.cycle,"ref R4: aiming at taught Hz=105.5344 deg, V=88.3380 deg",
68723,2026-10-08T01:01:00.462Z,INFO,engine.cycle,"ref R3 measured OK: Hz=100.3106 deg, V=90.3922 deg, dist=76.6113 m",
68722,2026-10-08T01:00:39.560Z,INFO,engine.cycle,"ref R3: aiming at taught Hz=100.3110 deg, V=90.3921 deg",
68721,2026-10-08T01:00:39.558Z,INFO,engine.cycle,"ref R2 measured OK: Hz=62.1486 deg, V=89.4301 deg, dist=18.7803 m",
68720,2026-10-08T01:00:19.493Z,INFO,engine.cycle,"ref R2: aiming at taught Hz=62.1495 deg, V=89.4302 deg",
68719,2026-10-08T01:00:19.493Z,INFO,engine.cycle,"ref R1 measured OK: Hz=21.6557 deg, V=91.2766 deg, dist=17.6157 m",
68718,2026-10-08T01:00:00.740Z,INFO,engine.cycle,"ref R1: aiming at taught Hz=21.6566 deg, V=91.2764 deg",
68717,2026-10-08T01:00:00.740Z,INFO,engine.cycle,"Compensator tilt at cycle start: cross=-0.0112 deg (-12.5 mgon), length=-0.0088 deg (-9.8 mgon)",
68716,2026-10-08T01:00:00.726Z,INFO,engine.cycle,"Cycle 244 starting: site='DeVinci-1', 5 ref(s), 61 monitored, faces=2",
68715,2026-10-07T21:29:03.751Z,INFO,sync.publisher,"Published 59 message(s), 0 failed, 0 pending",
68714,2026-10-07T21:28:56.871Z,INFO,sync.publisher,MQTT connected to 34.38.96.215:8883,
68713,2026-10-07T21:28:55.634Z,INFO,engine.scheduler,cycle 243 -> ok,
68712,2026-10-07T21:28:52.474Z,INFO,engine.cycle,"Cycle 243 ok: 5 refs, 61 monitored, RMS 23.40 mm",
68711,2026-10-07T21:28:31.041Z,INFO,engine.cycle,"monitored f8p13 measured OK: Hz=286.4950 deg, V=97.7119 deg, dist=59.3579 m",
68710,2026-10-07T21:28:09.811Z,INFO,engine.cycle,"monitored f8p13: aiming at taught Hz=286.4960 deg, V=97.7121 deg (instrument in same position; prediction within 0.09 deg, ignoring)",
68709,2026-10-07T21:28:09.785Z,INFO,engine.cycle,"monitored f8p10 measured OK: Hz=282.8628 deg, V=97.3853 deg, dist=57.2730 m",
68708,2026-10-07T21:27:49.239Z,INFO,engine.cycle,"monitored f8p10: aiming at taught Hz=282.8639 deg, V=97.3850 deg (instrument in same position; prediction within 0.01 deg, ignoring)",
68707,2026-10-07T21:27:21.287Z,INFO,engine.cycle,"monitored f8p1 measured OK: Hz=266.7695 deg, V=99.6854 deg, dist=71.6829 m",
68706,2026-10-07T21:26:53.553Z,INFO,engine.cycle,"monitored f8p1: aiming at predicted Hz=264.0348 deg, V=97.7079 deg (relocation detected; taught was Hz=266.7702 deg, V=99.6861 deg)",
68705,2026-10-07T21:26:53.544Z,INFO,engine.cycle,"monitored f7p8 measured OK: Hz=279.8870 deg, V=101.1544 deg, dist=58.9159 m",
68704,2026-10-07T21:26:32.444Z,INFO,engine.cycle,"monitored f7p8: aiming at taught Hz=279.8881 deg, V=101.1545 deg (instrument in same position; prediction within 0.01 deg, ignoring)",
68703,2026-10-07T21:26:32.419Z,INFO,engine.cycle,"monitored f7p14 measured OK: Hz=266.7697 deg, V=99.6854 deg, dist=71.6829 m",
68702,2026-10-07T21:26:11.709Z,INFO,engine.cycle,"monitored f7p14: aiming at taught Hz=266.7700 deg, V=99.6852 deg (instrument in same position; prediction within 0.00 deg, ignoring)",
68701,2026-10-07T21:26:11.681Z,INFO,engine.cycle,"monitored f6p8 measured OK: Hz=279.8451 deg, V=104.4382 deg, dist=59.5648 m",
68700,2026-10-07T21:25:51.663Z,INFO,engine.cycle,"monitored f6p8: aiming at taught Hz=279.8460 deg, V=104.4386 deg (instrument in same position; prediction within 0.01 deg, ignoring)",
68699,2026-10-07T21:25:30.785Z,INFO,engine.cycle,"monitored f6p7 measured OK: Hz=275.9819 deg, V=104.3911 deg, dist=60.5472 m",
68698,2026-10-07T21:25:10.018Z,INFO,engine.cycle,"monitored f6p7: aiming at taught Hz=275.9830 deg, V=104.3912 deg (instrument in same position; prediction within 0.09 deg, ignoring)",
68697,2026-10-07T21:25:09.990Z,INFO,engine.cycle,"monitored f6p14 measured OK: Hz=266.7574 deg, V=103.1685 deg, dist=72.5743 m",
68696,2026-10-07T21:24:48.828Z,INFO,engine.cycle,"monitored f6p14: aiming at taught Hz=266.7584 deg, V=103.1685 deg (instrument in same position; prediction within 0.00 deg, ignoring)",
68695,2026-10-07T21:24:27.984Z,INFO,engine.cycle,"monitored f6p10 measured OK: Hz=282.8883 deg, V=104.3718 deg, dist=58.7383 m",
68694,2026-10-07T21:24:07.658Z,INFO,engine.cycle,"monitored f6p10: aiming at taught Hz=282.8895 deg, V=104.3722 deg (instrument in same position; prediction within 0.09 deg, ignoring)",
68693,2026-10-07T21:23:47.778Z,INFO,engine.cycle,"monitored f5p8 measured OK: Hz=279.8153 deg, V=107.8736 deg, dist=60.4962 m",
68692,2026-10-07T21:23:27.374Z,INFO,engine.cycle,"monitored f5p8: aiming at taught Hz=279.8160 deg, V=107.8736 deg (instrument in same position; prediction within 0.09 deg, ignoring)",
68691,2026-10-07T21:23:06.184Z,INFO,engine.cycle,"monitored f5p7 measured OK: Hz=275.9830 deg, V=107.6879 deg, dist=61.5532 m",
68690,2026-10-07T21:22:44.956Z,INFO,engine.cycle,"monitored f5p7: aiming at taught Hz=275.9841 deg, V=107.6884 deg (instrument in same position; prediction within 0.10 deg, ignoring)",
68689,2026-10-07T21:22:24.110Z,INFO,engine.cycle,"monitored f5p13 measured OK: Hz=286.5488 deg, V=107.8565 deg, dist=61.7957 m",
68688,2026-10-07T21:22:02.733Z,INFO,engine.cycle,"monitored f5p13: aiming at taught Hz=286.5499 deg, V=107.8567 deg (instrument in same position; prediction within 0.09 deg, ignoring)",
68687,2026-10-07T21:21:42.384Z,INFO,engine.cycle,"monitored f5p10 measured OK: Hz=282.8669 deg, V=107.9009 deg, dist=59.7199 m",
68686,2026-10-07T21:21:22.518Z,INFO,engine.cycle,"monitored f5p10: aiming at taught Hz=282.8678 deg, V=107.9011 deg (instrument in same position; prediction within 0.09 deg, ignoring)",
68685,2026-10-07T21:21:22.489Z,INFO,engine.cycle,"monitored f4p8 measured OK: Hz=279.8210 deg, V=111.1056 deg, dist=61.7523 m",
68684,2026-10-07T21:21:01.222Z,INFO,engine.cycle,"monitored f4p8: aiming at taught Hz=279.8213 deg, V=111.1057 deg (instrument in same position; prediction within 0.00 deg, ignoring)",
68683,2026-10-07T21:20:40.080Z,INFO,engine.cycle,"monitored f4p7 measured OK: Hz=275.9794 deg, V=110.6810 deg, dist=62.6711 m",
68682,2026-10-07T21:20:19.097Z,INFO,engine.cycle,"monitored f4p7: aiming at taught Hz=275.9805 deg, V=110.6814 deg (instrument in same position; prediction within 0.10 deg, ignoring)",
68681,2026-10-07T21:19:57.978Z,INFO,engine.cycle,"monitored f4p4 measured OK: Hz=272.7839 deg, V=111.4958 deg, dist=63.5654 m",
68680,2026-10-07T21:19:36.790Z,INFO,engine.cycle,"monitored f4p4: aiming at taught Hz=272.7851 deg, V=111.4960 deg (instrument in same position; prediction within 0.10 deg, ignoring)",
68679,2026-10-07T21:19:36.762Z,INFO,engine.cycle,"monitored f4p14 measured OK: Hz=266.3920 deg, V=108.6860 deg, dist=74.8569 m",
68678,2026-10-07T21:19:15.227Z,INFO,engine.cycle,"monitored f4p14: aiming at taught Hz=266.3931 deg, V=108.6861 deg (instrument in same position; prediction within 0.00 deg, ignoring)",
68677,2026-10-07T21:19:15.202Z,INFO,engine.cycle,"monitored f4p10 measured OK: Hz=282.8438 deg, V=111.1573 deg, dist=60.8357 m",
68676,2026-10-07T21:18:54.890Z,INFO,engine.cycle,"monitored f4p10: aiming at taught Hz=282.8447 deg, V=111.1580 deg (instrument in same position; prediction within 0.01 deg, ignoring)",
68675,2026-10-07T21:18:54.884Z,WARNING,engine.cycle,"monitored I11 result held as suspect: 3954.2 mm displacement; repeat agrees, awaiting next-cycle confirmation",